id,player_name,games,time,goals_season,xG_season,assists_season,xA_season,shots_season,key_passes_season,yellow_cards,red_cards,position,team_title,npg_season,npxG_season,xGChain,xGBuildup
3423,Kylian Mbappe-Lottin,29,2144,27,21.30484156869352,7,6.111246053129435,120,40,4,0,F M S,Paris Saint Germain,21,15.22408035211265,27.302389673888683,9.621899209916592
3277,Alexandre Lacazette,29,2328,19,14.314888790249825,2,2.1464070649817586,62,20,3,1,F S,Lyon,17,12.794698551297188,14.286405302584171,2.908077796921134
8636,Jonathan Christian David,34,2662,19,20.245989114046097,4,3.6278544832021,79,32,4,0,F S,Lille,17,17.965703658759594,23.10569333843887,5.178990771993995
318,Pierre-Emerick Aubameyang,34,2651,16,22.92249481752515,8,5.676151594147086,116,26,4,0,F M S,Marseille,12,19.88211416080594,26.3315849006176,4.60744265653193
3210,Wissam Ben Yedder,32,2329,16,15.413016859441996,2,5.340569153428078,64,38,2,0,F S,Monaco,15,14.652921769768,22.80396420881152,5.4832504671067
10794,Thijs Dallinga,33,2526,14,15.851471649482846,2,1.827732164412737,84,19,6,0,F S,Toulouse,13,13.57118628360331,14.745851553976536,2.933907760307193
8187,Georges Mikautadze,20,1767,13,9.639897767454386,4,2.277865383774042,57,21,0,1,F,Metz,10,7.3596123568713665,11.434298023581505,2.7773917419835925
8997,Terem Igobor Moffi,30,1985,11,10.773453200235963,2,4.1571652777493,49,22,4,0,F S,Nice,8,8.493167841807008,13.66520450077951,2.869547951966524
11767,Gonçalo Ramos,29,1432,11,10.042182721197605,1,2.3267749901860952,55,16,1,0,F S,Paris Saint Germain,10,9.282087549567223,14.44456380046904,5.904165701940656
8056,Arnaud Kalimuendo Muinga,30,2185,10,9.685840448364615,1,2.3931171717122197,61,28,6,0,F S,Rennes,8,8.165650209411979,13.25514984689653,3.5458899727091193
8239,Takumi Minamino,30,2159,10,7.044541770592332,6,5.270321061834693,61,34,4,0,F M S,Monaco,10,7.044541770592332,17.90679496154189,7.167916463688016
4773,Benjamin Bourigeaud,32,2467,9,9.492334720678627,6,6.859400821849704,51,69,2,0,D F M S,Rennes,2,4.1716687539592385,14.009798239916563,7.762860920280218
6863,Téji Savanier,32,2802,9,9.534016711637378,7,8.263342382386327,82,96,8,1,M,Montpellier,2,4.213350744917989,13.434316385537386,7.70728618465364
9182,Sepe Elye Wahi,28,1723,9,14.083894703537226,3,3.1773214172571898,60,17,8,1,F S,"Lens,Montpellier",8,13.323799524456263,18.523378144949675,2.332134653814137
3721,Romain Del Castillo,33,2557,8,5.3914333544671535,8,10.25096280220896,39,89,4,0,F M S,Brest,5,3.1111478619277477,17.506020214408636,9.412143738940358
10783,Muhammed-Cham Saracevic,33,2580,8,9.278165878728032,4,3.048882992938161,74,49,4,0,F M S,Clermont Foot,4,5.477690229192376,11.946519818156958,6.487531292252243
10831,Mostafa Mohamed,29,2052,8,7.874880239367485,2,2.762396715581417,65,23,3,1,F S,Nantes,5,5.594594830647111,8.693812534213066,1.4545363886281848
11783,Akor Adams,32,2304,8,13.71569935977459,1,1.9707514513283968,79,18,2,0,F S,Montpellier,8,13.71569935977459,14.545285888016224,1.308993379585445
11817,Emanuel Emegha,28,2105,8,10.774887776002288,1,0.33968299720436335,48,9,3,0,F S,Strasbourg,8,10.01479265652597,10.69280936382711,1.1465704198926687
12383,Mohamed Bamba,16,1163,8,7.7029648795723915,3,2.106854500249028,38,14,3,0,F M S,Lorient,7,6.942869700491428,9.102448683232069,1.4751060977578163
3348,Florian Sotoca,32,2615,7,8.699992233887315,6,7.505253344774246,68,50,4,1,D F M S,Lens,3,5.659611718729138,21.025430120527744,11.286432217806578
3799,Wesley Said,27,1004,7,6.774058876559138,1,1.0907432921230793,45,13,1,0,F S,Lens,7,6.774058876559138,7.255487274378538,0.8935680435970426
5611,Martin Terrier,24,1561,7,5.484762106090784,3,3.058112908154726,38,16,2,1,F M S,Rennes,7,5.484762106090784,8.320196202024817,2.023215502500534
6401,Amine Gouiri,31,2090,7,8.593208337202668,3,2.2471080673858523,78,21,2,0,F M S,Rennes,7,8.593208337202668,13.86965735629201,5.2739784168079495
6452,Mahdi Camara,32,2071,7,5.036631565541029,3,3.4732709750533104,42,31,7,0,M S,Brest,6,4.276536386460066,10.790371301583946,4.385030290111899
8777,Vitinha,28,2127,7,3.1169276209548116,4,3.475747575983405,45,36,0,0,F M S,Paris Saint Germain,7,3.1169276209548116,19.426674520596862,15.858192145824432
9690,Folarin Balogun,29,1712,7,12.501815546303988,5,3.4841915406286716,66,25,1,0,F S,Monaco,7,10.22153015807271,14.938280303031206,3.167869232594967
10058,Maghnes Akliouche,28,1618,7,5.47180512920022,4,3.7820165380835533,35,38,5,0,F M S,Monaco,7,5.47180512920022,15.916594874113798,8.480356054380536
2897,Aleksandr Golovin,25,2177,6,4.375330166891217,6,5.106445733457804,45,51,8,1,F M,Monaco,6,4.375330166891217,12.569110073149204,6.559793988242745
3544,Jeremie Boga,28,2034,6,5.111232029274106,6,5.038571942597628,39,34,1,0,D F M S,Nice,6,5.111232029274106,13.020861614495516,6.126380542293191
3800,Steve Mounie,32,1778,6,10.936348255723715,2,1.9047060329467058,59,21,2,1,F S,Brest,6,10.936348255723715,13.199898360297084,4.71943000331521
5311,Vincent Sierro,30,2268,6,5.410428666509688,2,2.1507469648495317,36,31,8,0,M S,Toulouse,2,1.609952942468226,5.913235186599195,4.690571770071983
5684,Arnaud Nordin,20,1253,6,3.4023736231029034,3,3.0597617737948895,31,21,1,1,F M S,Montpellier,6,3.4023736231029034,7.7947336211800575,2.7146856039762497
5743,Randal Kolo Muani,26,1261,6,6.060104067437351,5,2.945527248084545,22,26,1,0,F M S,Paris Saint Germain,6,6.060104067437351,11.092200070619583,3.891284951940179
8006,Evann Guessand,34,1508,6,9.788425955921412,0,1.4258180130273104,48,15,1,0,F M S,Nice,4,8.268235716968775,9.983116066083312,2.018603900447488
10100,Kamory Doumbia,25,845,6,3.515577346086502,5,1.029841810464859,25,12,1,0,M S,Brest,6,3.515577346086502,6.354501243680716,2.294132273644209
10328,Edon Zhegrova,33,2333,6,6.623751133680344,6,6.066135792993009,82,47,3,1,F M S,Lille,6,6.623751133680344,15.320663623511791,6.366063013672829
11754,Teddy Teuma,28,2143,6,3.2207208909094334,3,3.9529196303337812,44,43,7,0,M S,Reims,5,2.4606257379055023,9.891975186765194,7.325576866045594
713,André Ayew,19,1106,5,3.90908195823431,0,1.1872607376426458,33,8,2,1,F M S,Le Havre,5,3.90908195823431,5.20885119214654,0.7863170336931944
3746,Gaetan Laborde,34,1922,5,8.125969402492046,2,2.399031098932028,63,27,2,0,F M S,Nice,4,6.6057791113853455,11.621101446449757,4.086496219038963
6420,Romain Faivre,17,1452,5,2.751144153997302,1,1.3688614312559366,27,16,1,0,F M S,Lorient,5,2.751144153997302,6.2825479209423065,3.7627732884138823
7268,Bafode Diakite,21,1695,5,2.9714528992772102,2,1.72285920009017,16,13,4,0,D S,Lille,5,2.9714528992772102,5.852686842903495,5.478594264015555
7756,Yusuf Yazici,27,1318,5,6.340119296684861,2,2.655162677168846,40,18,5,0,D F M S,Lille,5,6.340119296684861,8.720471452921629,2.335673050954938
9490,Matthis Abline,22,1048,5,3.4755435390397906,0,2.2668968997895718,42,17,1,0,F M S,Nantes,5,3.4755435390397906,7.098511226475239,1.9423844907432795
9646,Mohamed Bayo,22,1408,5,7.344980435445905,1,0.6225849771872163,47,13,4,0,F S,Le Havre,3,5.824790125712752,6.415509121492505,0.43796721287071705
10193,Frank Magri,29,1425,5,3.865499809384346,2,1.3850213140249252,41,14,4,0,F M S,Toulouse,5,3.865499809384346,6.83569161221385,2.5519598154351115
11504,Eli Junior Kroupi,30,1065,5,4.23556845728308,3,2.0847119065001607,22,11,1,0,F M S,Lorient,5,4.23556845728308,7.326598536223173,2.477607460692525
11753,Oumar Diakité,28,1601,5,6.596211787313223,1,1.855064818635583,36,15,4,0,F S,Reims,5,5.8361166678369045,8.396560048684478,2.008635824546218
11782,Mousa Al Tamari,27,1969,5,4.405066933482885,2,3.3391671553254128,47,20,0,0,F M S,Montpellier,5,4.405066933482885,9.409519232809544,2.7625695280730724
11906,Emmanuel Sabbi,30,1598,5,4.6934321243315935,1,1.693899305537343,31,10,5,0,F M S,Le Havre,3,3.1733074951916933,6.173611456528306,2.0539181856438518
11907,Mohamed Daramy,25,1674,5,6.099191207438707,5,2.9156137630343437,32,23,0,0,F M S,Reims,4,5.339096043258905,9.443968892097473,3.3310300074517727
2117,Marco Asensio,19,1113,4,4.186658531427383,5,5.453711749985814,27,33,0,0,F M S,Paris Saint Germain,4,4.186658531427383,13.652837883681059,6.291693858802319
2442,Kevin Gameiro,27,1347,4,3.81428830511868,2,3.140614176169038,29,24,0,0,F M S,Strasbourg,2,2.2940980065613985,6.658012803643942,2.1801937632262707
3223,Benjamin André,30,2576,4,3.6749807577580214,0,1.4772163350135088,23,20,8,0,M S,Lille,4,3.6749807577580214,11.224076591432095,8.860409907996655
3475,Ludovic Blas,29,1561,4,4.779703591018915,1,1.9489189833402634,45,20,3,0,F M S,Rennes,3,3.2595133520662785,7.355839474126697,3.0274975951761007
5197,Achraf Hakimi,25,1933,4,3.9934143386781216,5,5.582610415294766,42,43,3,0,D S,Paris Saint Germain,4,3.9934143386781216,17.540421098470688,11.59443087130785
5619,Pierre Lees-Melou,29,2530,4,2.4142561042681336,0,3.0143834725022316,52,28,10,1,M,Brest,4,2.4142561042681336,14.741135323420167,10.844613229855895
5624,Yunis Abdelhamid,31,2785,4,3.332101697102189,0,0.22976422309875488,22,6,5,0,D,Reims,3,2.5720065776258707,8.613752303645015,7.436235349625349
5677,Florent Mollet,29,2100,4,6.727348856627941,4,2.38288186583668,63,38,4,0,F M S,Nantes,4,6.727348856627941,11.437343435361981,4.16294065490365
6147,Denis Zakaria,25,2155,4,2.2434440618380904,0,1.0849895384162664,26,11,9,2,D M S,Monaco,4,2.2434440618380904,8.510517873801291,6.227434668689966
6945,Youssouf Fofana,32,2709,4,5.708632782101631,4,4.075116904452443,52,40,3,0,M S,Monaco,4,5.708632782101631,17.21247176080942,11.400775265879929
7908,Marshall Munetsi,27,2187,4,7.32050568331033,3,1.812375396490097,44,12,5,0,F M S,Reims,4,7.32050568331033,10.674800753593445,3.6056861709803343
8657,Jeremy Le Douaron,33,1634,4,7.360610231757164,0,0.5459868758916855,50,9,3,0,F M S,Brest,4,7.360610231757164,9.564942386001348,2.0988667560741305
8759,David Pereira Da Costa,25,1508,4,3.3974218741059303,2,2.882254445925355,30,26,3,0,F M S,Lens,4,3.3974218741059303,8.578894898295403,4.864923959597945
9001,Martín Satriano,33,1883,4,6.565474736504257,4,3.3374714450910687,63,21,4,0,F M S,Brest,4,6.565474736504257,11.129465272650123,3.487907554022968
9345,Ahmadou Bamba Dieng,16,530,4,3.5050003714859486,1,1.2395724318921566,17,8,3,0,F S,Lorient,4,3.5050003714859486,4.980763081461191,0.5460636466741562
9632,Deiver Machado,19,1136,4,1.784729102626443,0,1.255944062024355,16,13,4,0,D S,Lens,4,1.784729102626443,4.551569402217865,2.4844816084951162
10016,Bradley Barcola,28,1665,4,5.587399275973439,7,5.790045220404863,33,32,1,1,D F M S,"Lyon,Paris Saint Germain",4,5.587399275973439,14.698110453784466,5.2658564280718565
10431,Désiré Doué,31,1613,4,2.506785422563553,4,3.2440088354051113,34,31,3,0,F M S,Rennes,4,2.506785422563553,8.33095910679549,4.203312116675079
10455,Shamar Nicholson,26,1489,4,6.594864312559366,3,1.1917400257661939,40,18,2,0,F S,Clermont Foot,3,5.074674028903246,7.210880653001368,1.2717416286468506
11371,Ibrahim Salah,23,480,4,3.4569018948823214,1,0.8240513857454062,17,5,3,0,F M S,Rennes,4,3.4569018948823214,4.433549581095576,0.8108308762311935
11755,Keito Nakamura,25,1410,4,3.65666695125401,1,1.6749480552971363,41,14,1,0,F M S,Reims,4,3.65666695125401,7.118444759398699,2.8518834207206964
11791,Nabil Alioui,18,1026,4,2.152775105088949,1,1.971198357641697,28,24,1,0,F M S,Le Havre,4,2.152775105088949,3.7549580624327064,1.0701203802600503
12014,Jake O&#039;Brien,27,2369,4,3.1601644456386566,2,1.7144725359976292,18,5,4,1,D,Lyon,4,3.1601644456386566,6.373841376975179,6.311421249061823
3226,Ousmane Dembélé,26,1522,3,5.467531647533178,8,7.214480429887772,43,59,0,0,F M S,Paris Saint Germain,3,5.467531647533178,17.94719810411334,8.73319387435913
3585,Said Benrahma,12,799,3,1.6094996351748705,3,3.6835075058043003,25,23,2,0,F M S,Lyon,3,1.6094996351748705,6.6209618747234344,2.8606580197811127
5675,Ismaila Sarr,23,1434,3,4.0526722595095634,4,2.7649366967380047,25,20,1,0,F M S,Marseille,3,4.0526722595095634,10.088432066142559,4.578065328299999
5745,Matthieu Udol,30,2700,3,1.55330375675112,3,2.9960991982370615,19,32,5,0,D,Metz,3,1.55330375675112,5.1083391066640615,3.376788841560483
5800,Lebo Mothiba,15,597,3,5.460810614749789,0,0.18768267706036568,16,5,0,0,F S,Strasbourg,3,5.460810614749789,5.827408976852894,0.34507621452212334
5801,Christopher Operi,28,2448,3,1.9374558152630925,4,4.1019867630675435,23,49,6,0,D,Le Havre,3,1.9374558152630925,6.740914304740727,4.17554272711277
6069,Ablie Jallow,17,924,3,2.1019286774098873,2,0.7209161873906851,18,12,1,0,F M S,Metz,2,1.341833557933569,2.6764203933998942,1.1510307667776942
6773,Samuel Gigot,21,1735,3,3.7836338691413403,0,0.6496247239410877,19,7,7,1,D S,Marseille,3,3.7836338691413403,7.087280634790659,6.3591769225895405
6874,Yann Gboho,16,1215,3,1.6321332231163979,2,1.9749648943543434,23,17,1,0,F M S,Toulouse,3,1.6321332231163979,5.7997128292918205,2.677903775125742
7169,Moses Simon,22,1803,3,4.668348058126867,5,3.968233197927475,34,29,0,0,F M S,Nantes,2,3.908252893947065,9.504107100889087,2.425846144556999
7313,Lee Kang-In,23,1477,3,2.020375344902277,4,3.2733469223603606,23,27,2,0,D F M S,Paris Saint Germain,3,2.020375344902277,10.943470425903797,6.928839895874262
7743,Pereira Lage,30,1167,3,3.957470413297415,2,2.3346722200512886,36,14,3,0,F M S,Brest,3,3.957470413297415,6.131544962525368,1.2869406640529633
8677,Lilian Brassier,30,2679,3,1.2170368153601885,0,0.634378707036376,11,6,9,1,D,Brest,3,1.2170368153601885,6.119855243712664,5.743897553533316
8686,Cheick Tidiane Sabaly,29,1408,3,2.5835357382893562,1,1.141747161746025,21,9,5,0,F M S,Metz,3,2.5835357382893562,4.657344026491046,1.6435944736003876
8697,Jonathan Clauss,27,2089,3,1.394891146570444,4,4.359142733737826,28,46,2,1,D M S,Marseille,3,1.394891146570444,13.26696152612567,9.870473228394985
8920,Dilane Bakwa,31,2187,3,3.3611376946792006,6,5.99444548971951,44,48,4,1,F M S,Strasbourg,3,3.3611376946792006,10.853785425424576,3.850510520860553
9307,Iliman Ndiaye,30,1647,3,4.741980096325278,3,2.8300538305193186,35,22,0,1,F M S,Marseille,3,4.741980096325278,12.221890777815133,5.667855674866587
9448,Dion Moise Sahi,18,613,3,3.761172002181411,1,1.2162883467972279,24,5,0,0,F M S,Strasbourg,3,3.761172002181411,5.3058080561459064,1.6168418619781733
9633,Przemyslaw Frankowski,30,2199,3,4.1157539039850235,2,4.827693289145827,31,39,4,0,D M S,Lens,2,2.5955636128783226,12.676617067307234,8.174650894477963
9767,Habib Diarra,31,2337,3,3.1546090682968497,1,1.586253142915666,39,21,3,0,F M S,Strasbourg,2,2.394513927400112,7.443974677473307,4.463788837194443
10271,Vanderson,20,1677,3,2.644009420182556,1,2.2012882940471172,30,19,4,1,D M,Monaco,3,2.644009420182556,10.887180641293526,6.513446312397718
10701,Nicolás Tagliafico,25,2139,3,3.263522985391319,1,0.8974769078195095,15,18,5,1,D M,Lyon,3,3.263522985391319,7.981826696544886,5.2273042015731335
10796,Zakaria Aboukhlal,13,764,3,3.2044861800968647,0,0.2308216318488121,28,5,2,0,F M S,Toulouse,2,2.444391045719385,2.9525407031178474,0.9363008737564087
10819,Khalil Fayad,23,1022,3,2.1196256168186665,0,0.9183327397331595,17,8,2,0,F M S,Montpellier,3,2.1196256168186665,2.4130981201305985,0.8853267254307866
10920,Junya Ito,31,2745,3,5.085144154727459,7,11.214461904019117,46,79,2,0,D F M,Reims,3,5.085144154727459,17.437305003404617,5.176961925812066
11015,Julien Ponceau,32,2272,3,3.197014134377241,2,2.7552311634644866,33,35,5,0,F M S,Lorient,3,3.197014134377241,10.707108356058598,6.225061770528555
11380,Vitinha,18,921,3,5.534087149426341,2,2.816041424870491,37,18,1,0,F S,Marseille,3,5.534087149426341,11.574844017624855,4.518646661192179
11752,Amir Richardson,28,1354,3,2.0540283527225256,1,1.2164121214300394,17,12,4,0,M S,Reims,3,2.0540283527225256,4.412331238389015,3.3830718714743853
12060,Ernest Nuamah,29,1861,3,4.488262306898832,2,4.6635559890419245,43,29,4,0,F M S,Lyon,3,4.488262306898832,10.613944187760353,4.294388744980097
12111,Amir Murillo,16,979,3,0.9443634413182735,2,1.604901198297739,5,7,3,0,D S,Marseille,3,0.9443634413182735,5.3255571611225605,3.957347460091114
12336,Malick Fofana,17,521,3,2.3040476609021425,0,0.6635458040982485,9,6,0,0,D F S,Lyon,3,2.3040476609021425,4.472375379875302,2.0387245416641235
12425,Faris Moumbagna,13,532,3,2.297125905752182,1,0.9849253073334694,16,4,0,1,F S,Marseille,3,2.297125905752182,3.6564183309674263,0.9049820774234831
849,Chancel Mbemba,25,2213,2,1.8016112111508846,2,0.9920555800199509,19,7,1,0,D,Marseille,2,1.8016112111508846,8.687920725438744,8.569199843797833
1754,Joel Asoro,20,849,2,0.8502524234354496,1,0.45499365124851465,6,8,2,0,F M S,Metz,2,0.8502524234354496,1.7266812156885862,0.5823678821325302
2478,Carlos Soler,24,1086,2,1.7773496247828007,2,2.3036557398736477,14,21,1,0,D M S,Paris Saint Germain,2,1.7773496247828007,7.148923080414534,3.47078069858253
2594,Sergio Akieme,13,806,2,1.1321421954780817,0,0.32174989208579063,11,6,2,0,D S,Reims,2,1.1321421954780817,3.689936026930809,2.30277831107378
2854,Daler Kuzyaev,30,2114,2,1.9548383736982942,2,1.2785213775932789,16,30,1,0,F M S,Le Havre,2,1.9548383736982942,6.678595228120685,3.954864541068673
3253,Frederic Guilbert,32,2514,2,0.9530006088316441,0,1.2549135070294142,21,21,3,0,D S,Strasbourg,2,0.9530006088316441,5.25563246384263,4.153748655691743
3389,Benjamin Mendy,15,699,2,1.0539637645706534,1,2.1505850292742252,13,15,3,0,D M S,Lorient,2,1.0539637645706534,3.9453737437725067,1.8855689764022827
3390,Rémy Cabella,30,1458,2,5.502562128007412,2,3.478668333031237,33,32,0,0,F M S,Lille,2,5.502562128007412,11.917509911581874,5.674406601116061
3429,Tiemoué Bakayoko,20,1320,2,1.53631126973778,1,0.5140000507235527,12,4,5,0,M S,Lorient,2,1.53631126973778,5.109879486262798,3.6135247200727463
3487,Ismael Traoré,26,2225,2,1.0283289682120085,0,0.08978279121220112,10,2,2,0,D S,Metz,2,1.0283289682120085,1.987324665300548,1.9496436947956681
3603,Corentin Tolisso,25,1764,2,2.9498002268373966,1,2.180631509050727,39,26,5,0,D M S,Lyon,1,2.189705092459917,9.692050624638796,6.481072263792157
3663,Grejohn Kyei,26,1014,2,4.9180383663624525,1,1.2012839950621128,31,12,1,0,F S,Clermont Foot,1,4.157943246886134,6.222914502024651,1.3747198469936848
3674,Abdoulaye Touré,30,2314,2,2.778659758158028,0,0.6587939606979489,32,13,4,0,M S,Le Havre,0,1.2584694530814886,8.388548022136092,7.483502667397261
3696,Morgan Sanson,29,2005,2,2.4807587498798966,3,4.7641644068062305,41,42,4,0,M S,Nice,2,2.4807587498798966,10.806192375719547,6.085101960226893
3701,Gautier Lloris,31,2782,2,2.2394042601808906,0,0.1668939907103777,16,3,2,0,D,Le Havre,2,2.2394042601808906,4.126491610892117,4.035703734494746
4882,Laurent Abergel,33,2863,2,0.9182511237449944,1,2.0591473784297705,26,31,4,0,M S,Lorient,2,0.9182511237449944,10.164760626852512,8.12498695217073
5742,Hugo Magnetti,33,2385,2,2.3243492525070906,0,1.240470776334405,36,24,6,0,M S,Brest,2,2.3243492525070906,7.814084395766258,5.734977852553129
5975,Kenny Lala,33,2970,2,0.4887401550076902,3,3.720995305106044,14,34,7,0,D,Brest,2,0.4887401550076902,11.23666127026081,9.642239551991224
6088,Orel Mangala,8,390,2,0.6318405121564865,0,0.5445175617933273,5,7,0,0,M S,Lyon,2,0.6318405121564865,2.743016965687275,1.86590064316988
7486,Leonardo Balerdi,27,2286,2,1.5898108915425837,0,0.14491049945354462,14,5,4,1,D S,Marseille,2,1.5898108915425837,8.152847118675709,7.985097009688616
7730,Jean-Charles Castelletto,28,2468,2,0.4380025565624237,0,1.0735941221937537,10,10,5,0,D,Nantes,2,0.4380025565624237,6.621827995404601,5.690828327089548
7747,Mama Baldé,20,521,2,3.156901767477393,3,2.395954266190529,17,14,1,0,F S,Lyon,2,3.156901767477393,5.199122317135334,0.3343441039323807
7760,Abdoul Kader Bamba,23,542,2,2.077591747045517,1,1.301208570599556,14,11,2,0,M S,Nantes,2,2.077591747045517,4.802950624376535,2.2085976023226976
7762,Jean-Ricner Bellegarde,3,270,2,0.5845728665590286,2,1.346037745475769,5,3,2,0,F M,Strasbourg,2,0.5845728665590286,2.333690494298935,0.5744543671607971
8050,Hichem Boudaoui,29,1609,2,3.5676626646891236,0,2.251754865050316,29,20,5,0,M S,Nice,2,3.5676626646891236,9.234316141344607,4.888252913951874
8103,Modibo Sagnan,13,1063,2,1.4889334714971483,0,0.5682838372886181,10,3,5,0,D S,Montpellier,2,1.4889334714971483,1.6753121591173112,1.5300605613738298
8328,Azz-Eddine Ounahi,21,1234,2,0.9383462257683277,0,1.6522557511925697,16,15,3,0,M S,Marseille,2,0.9383462257683277,5.264179594814777,3.744540598243475
9645,Jim Allevinah,29,1915,2,2.7687199637293816,1,1.344161020591855,37,20,1,0,D F M S,Clermont Foot,2,2.7687199637293816,6.709202943369746,3.7399630630388856
9648,Elbasan Rashani,24,1173,2,1.8926210356876254,0,0.6972434092313051,16,12,4,2,F M S,Clermont Foot,2,1.8926210356876254,2.9100487725809216,1.1706229895353317
9999,Arthur Theate,28,2306,2,2.0051040309481323,0,0.7494475785642862,22,6,4,0,D S,Rennes,2,2.0051040309481323,7.147258527576923,6.187369977124035
10382,Eray Cömert,25,1991,2,0.5572396423667669,0,0.15636929497122765,9,4,5,0,D M S,Nantes,2,0.5572396423667669,4.400997896678746,4.294967160560191
10564,Leny Yoro,32,2670,2,2.2766736643388867,0,0.1037881076335907,14,2,5,0,D S,Lille,2,2.2766736643388867,6.415431879460812,6.2826026901602745
10771,Ben Seghir,13,404,2,0.8190818913280964,1,0.4249519109725952,14,5,0,1,F M S,Monaco,2,0.8190818913280964,2.6896997578442097,1.6455016173422337
10786,Warren Zaïre-Emery,26,1967,2,1.787117462605238,3,2.970772545784712,14,21,4,0,D M S,Paris Saint Germain,2,1.787117462605238,18.726909767836332,16.460084728896618
10788,Rasmus Nicolaisen,33,2929,2,1.4216241789981723,0,0.5673008300364017,19,5,4,1,D,Toulouse,2,1.4216241789981723,6.099316857755184,6.037884637713432
11131,Christian Mawissa Elebi,17,1115,2,0.7378201857209206,0,0.3464423641562462,5,3,3,0,D M S,Toulouse,2,0.7378201857209206,3.0830102786421776,2.7195478193461895
11757,Hákon Haraldsson,26,1280,2,1.2596768289804459,0,1.6958199627697468,12,15,5,0,F M S,Lille,2,1.2596768289804459,4.924335990101099,2.4288825653493404
11762,Morgan Guilavogui,23,493,2,2.304705310612917,0,1.8569900281727314,21,14,1,0,F S,Lens,2,2.304705310612917,6.790731526911259,2.9029957614839077
11795,Yassine Kechta,32,1868,2,1.6456643836572766,1,1.6516199680045247,20,26,4,0,M S,Le Havre,2,1.6456643836572766,5.330799985677004,2.4047774197533727
11816,Abakar Sylla,22,1798,2,2.25918669719249,0,0.20379478856921196,11,5,4,0,D S,Strasbourg,2,2.25918669719249,5.920914912596345,5.830772625282407
12002,Papa Amadou Diallo,16,883,2,2.509009497705847,1,0.9904705602675676,13,12,1,0,F M S,Metz,2,2.509009497705847,3.749064877163619,0.8549030525609851
12049,Aiyegun Tosin,19,900,2,1.174021172337234,0,0.31833386421203613,11,7,0,1,F M S,Lorient,2,1.174021172337234,2.2476511960849166,0.8045515744015574
12183,Jeremy Sebas,14,391,2,1.0171898305416107,0,0.04448319599032402,7,1,0,0,F M S,Strasbourg,2,1.0171898305416107,1.6732304766774178,0.7286988887935877
148,Dante,32,2847,1,1.5748603288084269,1,0.851948807016015,15,13,5,1,D,Nice,1,1.5748603288084269,11.099400147795677,10.868105173110962
677,Jordan Veretout,29,2181,1,2.1600702428258955,2,5.629450068809092,36,48,4,0,M S,Marseille,1,2.1600702428258955,12.616389954928309,9.140395939350128
734,Wahbi Khazri,25,1151,1,4.432910308241844,0,1.322423979640007,44,10,6,0,F M S,Montpellier,1,4.432910308241844,6.197288694791496,1.4841998033225536
961,Jordan Amavi,2,91,1,0.06818746775388718,0,0,1,0,1,0,D S,Brest,1,0.06818746775388718,0.0401245653629303,0.0401245653629303
1022,Pedro Chirivella,32,2625,1,1.30850313231349,1,0.8502244986593723,17,17,5,0,M S,Nantes,1,1.30850313231349,9.587031641975045,8.019579717889428
1750,Ainsley Maitland-Niles,23,1440,1,3.2190229715779424,4,1.913672556169331,18,18,1,1,D F M S,Lyon,0,2.458927829749882,6.2861070185899734,5.338687606155872
2276,Lucas Hernández,27,1937,1,0.5872261431068182,1,2.1136919744312763,6,12,6,0,D S,Paris Saint Germain,1,0.5872261431068182,13.214291026815772,11.730256332084537
2447,Fabián,21,1189,1,1.7686488423496485,3,1.4336949158459902,19,18,3,0,M S,Paris Saint Germain,1,1.7686488423496485,11.030702006071806,8.590706162154675
2674,Thilo Kehrer,15,1326,1,0.9344119448214769,1,0.912460251711309,12,5,2,1,D,Monaco,1,0.9344119448214769,5.538438476622105,5.190966822206974
3259,Adam Ounas,17,388,1,0.6189610250294209,0,2.255139661952853,9,13,0,0,M S,Lille,1,0.6189610250294209,3.244394898414612,1.57051520049572
3274,Maxime Gonalons,21,1339,1,0.4426813926547766,0,0.22506644763052464,13,7,4,0,M S,Clermont Foot,1,0.4426813926547766,2.982993684709072,2.592447716742754
3275,Jordan Ferri,30,2045,1,0.8777746018022299,1,1.8114887531846762,9,27,5,0,M S,Montpellier,1,0.8777746018022299,7.435606284067035,5.903371775522828
3370,Issiaga Sylla,19,1459,1,1.1118053197860718,2,1.2978583928197622,12,15,3,0,D M S,Montpellier,1,1.1118053197860718,5.379077579826117,4.698375592008233
3464,Vincent Le Goff,9,560,1,0.13378017023205757,1,0.992842554114759,4,9,1,0,D S,Lorient,1,0.13378017023205757,1.874815944582224,0.9136202055960894
3479,Marcus Coco,28,1510,1,1.1307953661307693,0,1.0208944641053677,9,12,2,0,D F M S,Nantes,1,1.1307953661307693,3.73827554192394,2.316703576594591
3549,Adrien Thomasson,29,1186,1,4.732723202556372,2,4.164455230347812,30,30,2,1,M S,Lens,1,4.732723202556372,10.886845581233501,4.301206756383181
3683,Ivan Cavaleiro,17,782,1,1.7073889076709747,1,1.4392605368047953,10,12,1,0,F M S,Lille,1,1.7073889076709747,3.40888093970716,1.5040980707854033
3693,Nolan Mbemba,6,7,1,0.04534989967942238,0,0,2,0,0,0,S,Le Havre,1,0.04534989967942238,0.04534989967942238,0
3713,Samuel Grandsir,23,556,1,2.6092693097889423,0,1.2302608918398619,15,13,2,2,M S,Le Havre,1,1.849174190312624,3.418819971382618,0.9702813941985369
4345,Christopher Jullien,20,1215,1,1.456346619874239,0,0.03346018772572279,7,2,5,0,D S,Montpellier,1,1.456346619874239,2.26374754216522,2.2518475083634257
4830,Bilal Boutobba,27,912,1,2.4618160519748926,1,1.8785869479179382,25,12,1,0,F M S,Clermont Foot,1,2.4618160519748926,4.803853314369917,1.8040190152823925
5261,Kevin Danso,30,2657,1,2.2954298378899693,0,0.30831503588706255,21,8,6,0,D,Lens,1,2.2954298378899693,11.925815293565392,11.646889187395573
5352,Niklas Schmidt,22,1265,1,1.516534423455596,1,3.1523961946368217,20,28,4,0,M S,Toulouse,1,1.516534423455596,5.742723759263754,2.54379566013813
5356,Breel Embolo,5,175,1,0.8260157406330109,0,0.17144322954118252,6,3,0,0,F S,Monaco,1,0.8260157406330109,1.3240132983773947,0.3265543282032013
5700,Yann Karamoh,12,243,1,0.6743476167321205,0,0.13751722313463688,5,5,1,0,F S,Montpellier,1,0.6743476167321205,1.280130817554891,0.49100296664983034
5717,Amine Harit,28,1837,1,2.992945097386837,2,3.8823818005621433,33,39,5,0,F M S,Marseille,1,2.992945097386837,10.56260772421956,5.6257153721526265
5761,Youssef Maziz,2,131,1,0.4085260033607483,0,0.0428303643129766,4,3,0,0,M,Metz,1,0.4085260033607483,0.47017261385917664,0.08355015516281128
5976,Yoann Salmier,20,1570,1,1.4450461836531758,1,1.3807902336120605,10,6,3,0,D S,Le Havre,1,1.4450461836531758,4.788182912394404,4.2435387801378965
6006,Ruben Aguilar,25,1934,1,1.777808541432023,3,3.1522562243044376,12,26,4,0,D M S,Lens,1,1.777808541432023,10.541019223630428,6.293500451371074
6018,Samuel Moutoussamy,26,1085,1,2.1231555305421352,0,0.6587613690644503,15,11,2,0,M S,Nantes,1,2.1231555305421352,5.353673495352268,3.1424327176064253
6019,Angelo Fulgini,29,1398,1,3.6937349252402782,2,3.696188071742654,46,38,1,0,M S,Lens,1,3.6937349252402782,8.241204300895333,3.448700682260096
6073,Guillermo Maripán,23,1772,1,0.5276401601731777,0,0.8011495927348733,11,3,0,1,D S,Monaco,1,0.5276401601731777,5.215569268912077,5.1324002631008625
6878,Youcef Atal,6,373,1,0.14236710593104362,0,0.8520295917987823,4,4,2,0,D S,Nice,1,0.14236710593104362,1.1009004674851894,0.6346094384789467
7206,Jonathan Gradit,26,2141,1,0.22225267626345158,0,0.1320574041455984,4,5,9,1,D,Lens,1,0.22225267626345158,7.429127996787429,7.327028876170516
7265,Kephren Thuram,27,2131,1,3.9183114636689425,1,4.024295303970575,39,31,7,0,M S,Nice,1,3.9183114636689425,13.10879285633564,7.108978260308504
7278,Imran Louza,14,874,1,0.9397605489939451,3,3.3334865644574165,22,25,1,0,M S,Lorient,1,0.9397605489939451,4.069092675112188,1.7506064726039767
7328,Maxence Caqueret,34,3033,1,2.3388336547650397,3,6.2454175893217325,24,56,1,0,M,Lyon,1,2.3388336547650397,17.27113639935851,11.142841279506683
7472,Wilfried Stephane Singo,25,2183,1,0.6674047829583287,1,1.1527590109035373,19,14,8,1,D S,Monaco,1,0.6674047829583287,6.803115203976631,6.192444387823343
7613,Moussa Diarra,22,1391,1,0.36733969300985336,2,1.3667648024857044,5,10,5,0,D S,Toulouse,1,0.36733969300985336,4.5843624118715525,3.8814347982406616
7736,Brendan Chardonnet,33,2970,1,1.4806034844368696,1,1.9463304243981838,19,10,4,0,D,Brest,1,1.4806034844368696,8.327955149114132,7.036830939352512
7765,Thomas Delaine,27,2074,1,1.9012813149020076,1,3.375219777226448,12,26,5,0,D F M S,Strasbourg,1,1.9012813149020076,8.62109162658453,4.676855377852917
8094,Mathis Cherki,33,1721,1,5.684411404654384,6,4.492587501183152,57,43,0,0,F M S,Lyon,1,5.684411404654384,12.1333181373775,4.881457727402449
8146,Ismail Jakobs,22,1465,1,1.7188143711537123,2,1.7914068289101124,21,17,0,0,D M S,Monaco,1,1.7188143711537123,7.152214948087931,4.182398052886128
8190,Melvin Bard,32,2683,1,0.5778345596045256,2,2.7300977502018213,15,18,7,1,D S,Nice,1,0.5778345596045256,12.880462134256959,11.10669601149857
8200,Logan Costa,31,2643,1,1.653143205679953,1,0.5063137877732515,14,6,6,0,D S,Toulouse,1,1.653143205679953,6.1500694546848536,5.7332335617393255
8330,Jean Onana,13,553,1,0.7238339576870203,0,0.10110863484442234,8,2,1,0,M S,Marseille,1,0.7238339576870203,2.4911927841603756,2.370654184371233
8640,Adrien Truffert,30,2145,1,1.2452726271003485,2,2.754145013168454,20,19,6,0,D S,Rennes,1,1.2452726271003485,7.635853089392185,5.3059947937726974
8643,Chrislain Matsima,20,1472,1,0.27581577003002167,1,0.04629664123058319,7,3,4,0,D S,"Clermont Foot,Monaco",1,0.27581577003002167,1.9751224778592587,1.9161364994943142
8660,Jordan Lotomba,28,1822,1,1.3524351436644793,0,1.3800171203911304,11,12,4,0,D S,Nice,1,1.3524351436644793,4.949062124826014,3.4882998717948794
8664,Facundo Medina,31,2714,1,1.0300949662923813,3,2.1363372802734375,21,26,11,0,D S,Lens,1,1.0300949662923813,12.228698570281267,10.283871470019221
8685,Mohamed Ali-Cho,17,875,1,1.1709333825856447,2,1.5442429296672344,18,14,2,0,F S,Nice,1,1.1709333825856447,5.678162446245551,3.3181071262806654
8696,Pape Alassane Gueye,15,765,1,0.639775212854147,0,0.5262564718723297,8,4,2,0,D M S,Marseille,1,0.639775212854147,3.970248483121395,3.0654432736337185
8702,Tinotenda Kadewere,25,1076,1,2.536626670509577,0,1.2739359010010958,16,18,1,0,F M S,"Lyon,Nantes",1,1.7765315510332584,5.22701177187264,3.034497072920203
8813,Tanguy Coulibaly,16,620,1,2.2709643244743347,0,1.060563888400793,16,9,2,0,F M S,Montpellier,1,2.2709643244743347,4.565612338483334,1.4202740490436554
8973,Lorenz Assignon,14,1010,1,0.4635073374956846,1,1.762451134622097,11,20,4,0,D S,Rennes,1,0.4635073374956846,5.5929713398218155,4.568631023168564
8980,Luis Henrique,15,773,1,1.092231074348092,0,0.7575593367218971,12,10,0,0,D F M S,Marseille,1,1.092231074348092,3.036521696485579,1.3965907404199243
8981,Jéremy Doku,2,110,1,1.1924280524253845,0,0.19405369088053703,6,3,0,0,F S,Rennes,1,1.1924280524253845,2.2108976244926453,0.9063422679901123
9092,Marvin Senaya,32,2130,1,1.1762971673160791,1,2.6553111616522074,15,20,3,1,D S,Strasbourg,1,1.1762971673160791,9.351579528301954,6.039935726672411
9250,Reda Khadra,29,1363,1,2.098100846633315,3,3.5564336143434048,23,22,1,0,D F M S,Reims,1,2.098100846633315,8.14067292585969,2.898024605587125
9487,Maxime Estève,12,1002,1,0.43329769652336836,1,0.24631388671696186,6,5,1,1,D,Montpellier,1,0.43329769652336836,1.1448569484055042,1.071659415960312
9491,Warmed Omari,25,2077,1,0.648391380906105,0,0.28451000340282917,3,5,5,1,D S,Rennes,1,0.648391380906105,5.750894725322723,5.701225504279137
9510,Habib Keita,27,1264,1,0.6384662594646215,0,0.6892083361744881,20,10,4,0,M S,Clermont Foot,1,0.6384662594646215,4.81003750488162,4.056220257654786
9523,Andy Diouf,25,1351,1,1.498029014095664,0,1.1004069512709975,28,21,2,0,M S,Lens,1,1.498029014095664,8.886315995827317,7.490754822269082
9612,Myron Boadu,9,71,1,0.7872653752565384,0,0,2,0,0,0,S,Monaco,1,0.7872653752565384,0.7872653752565384,0
9631,Christopher Wooh,18,1385,1,1.6293416675180197,0,0.447730029001832,10,5,3,1,D S,Rennes,1,1.6293416675180197,3.017312005162239,2.6116719115525484
9640,Florent Ogier,14,921,1,0.22870128881186247,1,0.5649861097335815,6,1,1,0,D S,Clermont Foot,1,0.22870128881186247,1.8306207647547126,1.8306207647547126
9778,Henrique,11,607,1,0.4164334014058113,0,0.5064263064414263,8,5,2,0,D M S,Lyon,1,0.4164334014058113,2.359863445162773,1.5678784251213074
9944,Gabriel Gudmundsson,25,1253,1,1.5891057532280684,0,1.3782710460945964,15,13,2,0,D F M S,Lille,1,1.5891057532280684,5.1626202538609505,2.6232249941676855
9961,Nuno Mendes,6,259,1,0.3703247234225273,1,0.8533171117305756,4,3,3,0,D S,Paris Saint Germain,1,0.3703247234225273,2.6179765574634075,2.0485892109572887
9978,Azor Matusiwa,28,2186,1,1.1399865420535207,1,1.1238975645974278,18,25,5,0,M S,"Reims,Rennes",1,1.1399865420535207,9.342274710536003,8.340445127338171
10005,Joshua Wilson-Esbrand,11,460,1,0.1910467967391014,1,1.2285603545606136,4,5,1,0,D M S,Reims,1,0.1910467967391014,1.47712392359972,0.968093179166317
10132,Yohann Magnin,31,1654,1,1.6208317438140512,0,1.01841514185071,14,9,2,0,D F M S,Clermont Foot,1,1.6208317438140512,5.417138086631894,3.448125439696014
10439,Didier Lamkel Zé,9,560,1,1.2143923938274384,0,0.5939076542854309,11,6,1,0,F M S,Metz,1,1.2143923938274384,2.8373885229229927,1.1846360564231873
10581,Junior Mwanga,22,1474,1,1.1133563751354814,1,0.9430535584688187,20,13,3,0,F M S,Strasbourg,1,1.1133563751354814,4.5718795247375965,3.2374879717826843
10781,Mateusz Wieteska,2,180,1,0.0806244257837534,0,0,3,0,0,0,D,Clermont Foot,1,0.0806244257837534,0.7649957537651062,0.7649957537651062
10811,Ismaily,30,2479,1,0.5590428728610277,1,1.4929571133106947,7,10,1,0,D S,Lille,1,0.5590428728610277,8.811350658535957,7.800560588017106
10844,Darline Yongwa,22,1140,1,1.0311737637966871,1,1.50238286703825,15,12,3,0,D S,Lorient,1,1.0311737637966871,4.6387044517323375,2.83303383551538
10854,Souleymane Isaak Touré,24,2052,1,2.0452666468918324,1,0.41591945569962263,18,7,6,0,D S,Lorient,1,2.0452666468918324,7.043645482510328,6.051116898655891
10856,Emmanuel Agbadou,32,2601,1,2.312899088487029,1,1.050631707534194,33,12,1,0,D S,Reims,1,2.312899088487029,9.483175493776798,8.557282235473394
11006,Mohamed Camara,20,1073,1,1.5949666714295745,2,0.4871107516810298,14,14,4,0,M S,Monaco,0,0.8348715519532561,6.616976831108332,5.580427460372448
11062,Badredine Bouanani,18,583,1,1.3713798243552446,0,1.3446860872209072,19,15,0,0,F M S,"Lorient,Nice",1,1.3713798243552446,4.550394618883729,2.4928290117532015
11090,Siriné Doucouré,11,422,1,1.0782809853553772,3,1.0283502545207739,9,10,2,0,F S,Lorient,1,1.0782809853553772,2.625079123303294,1.155181280337274
11182,Ayman Kari,14,920,1,1.069549836218357,1,1.0054884646087885,7,13,1,0,F M S,Lorient,1,1.069549836218357,3.733618624508381,2.589059414342046
11387,Cheick Konate,19,1065,1,0.574148784391582,1,1.9202979491092265,14,16,4,0,D S,Clermont Foot,1,0.574148784391582,3.2954417634755373,1.5027935896068811
11399,Jeffinho,10,293,1,1.2841922054067254,1,0.9289669077843428,11,6,0,0,F M S,Lyon,1,1.2841922054067254,2.4144056122750044,0.3936380371451378
11515,Tom Louchet,13,381,1,1.0059647634625435,1,1.0139359273016453,2,8,1,0,D F M S,Nice,1,1.0059647634625435,2.0432888474315405,1.0000868365168571
11750,Emran Soglo,3,118,1,0.06254880130290985,1,0.05938415601849556,1,2,1,0,M S,Marseille,1,0.06254880130290985,0.8474048599600792,0.7254718653857708
11751,Joseph Okumu,21,1737,1,1.1647935397922993,0,0,11,0,3,0,D S,Reims,1,1.1647935397922993,6.21959363669157,6.2038236781954765
11756,Tiago Santos,29,2362,1,1.2542755771428347,2,2.645004451274872,33,27,6,0,D S,Lille,1,1.2542755771428347,10.691637087613344,8.113012429326773
11765,Óscar Cortés,4,30,1,0.4433479309082031,1,0.6105575561523438,1,1,0,0,S,Lens,1,0.4433479309082031,1.0539054870605469,0
11777,Cristian Cásseres Jr.,32,1964,1,1.4494038056582212,3,2.040348768234253,15,14,1,0,M S,Toulouse,1,1.4494038056582212,7.773001629859209,5.090816708281636
11779,César Gelabert,16,771,1,0.9986520819365978,2,1.647264525294304,14,14,1,0,F M S,Toulouse,1,0.9986520819365978,4.528431281447411,2.1940109096467495
11784,Lucas Mincarelli Davin,13,996,1,0.5185244949534535,1,0.7111035995185375,6,4,1,1,D S,Montpellier,1,0.5185244949534535,2.025511287152767,0.9159498428925872
11799,Lamine Camara,31,2277,1,1.8555652080103755,4,3.5246365256607533,30,40,3,0,M S,Metz,1,1.0954700885340571,4.857310733757913,3.607345405034721
11800,Arthur Atta,21,915,1,1.007412069477141,2,1.9343109894543886,9,12,0,0,M S,Metz,1,1.007412069477141,4.284385736100376,1.9173128046095371
11805,Simon Elisor,14,785,1,2.0553249157965183,0,0.849286824464798,14,11,1,0,F S,Metz,1,1.2952297963202,3.1536503955721855,1.2594715869054198
11808,Andrey Santos,11,826,1,1.013881241902709,0,0.5879655871540308,12,6,3,0,M S,Strasbourg,1,1.013881241902709,2.8653457099571824,1.6060519479215145
12000,Ibou Sané,9,104,1,0.49587803427129984,0,0.02884424477815628,2,1,1,0,S,Metz,1,0.49587803427129984,0.5867249444127083,0.07205361127853394
12013,Skelly Alvero,8,432,1,0.501044224947691,0,0.03762567788362503,9,1,2,0,M S,Lyon,1,0.501044224947691,1.0203711092472076,0.6314878538250923
12038,Fabian Rieder,15,342,1,0.46229658275842667,0,0.553330309689045,5,4,0,0,M S,Rennes,1,0.46229658275842667,1.128715455532074,0.20045001059770584
12048,Kévin Van Den Kerkhof,29,1922,1,1.194155065342784,2,2.9506359342485666,20,21,2,0,D F M S,Metz,1,1.194155065342784,6.069990940392017,2.9222632627934217
12104,Neil El Aynaoui,25,1569,1,2.5668053859844804,2,1.0836108047515154,22,16,1,0,M S,Lens,1,2.5668053859844804,6.940165674313903,4.416760019958019
12184,Ibrahim Cissoko,11,221,1,0.9265930280089378,1,0.3685957323759794,8,6,1,0,M S,Toulouse,1,0.9265930280089378,1.3401853032410145,0.4691749643534422
12186,Kassoum Ouattara,14,633,1,0.9063864052295685,0,1.0991815477609634,8,6,2,0,D M S,Monaco,1,0.9063864052295685,2.95817968249321,1.3582199458032846
12192,Othmane Maamma,2,90,1,0.48796406760811806,0,0.49542829394340515,3,3,0,0,F S,Montpellier,1,0.48796406760811806,0.9615037441253662,0.3955488037317991
12346,Beraldo,13,1015,1,1.0835750717669725,0,0.24408954940736294,5,4,4,1,D S,Paris Saint Germain,1,1.0835750717669725,4.0451211631298065,4.008333243429661
12367,Gift Orban,13,465,1,1.3008600361645222,0,0,8,0,2,0,F S,Lyon,1,1.3008600361645222,3.228551745414734,2.1144366562366486
12381,Panos Katseris,15,1059,1,2.2099021282047033,1,0.8746824134141207,17,9,4,0,D S,Lorient,1,2.2099021282047033,4.74935185816139,1.8716182494536042
12389,Shavy Babicka,12,364,1,0.9532652199268341,0,0.19218382239341736,8,2,0,0,F M S,Toulouse,1,0.9532652199268341,1.5557349286973476,0.5057877209037542
12402,Yoram Zague,5,368,1,0.6070328187197447,0,0.34102728590369225,2,3,1,0,D S,Paris Saint Germain,1,0.6070328187197447,2.492417186498642,1.5856580473482609
399,Ulisses García,13,904,0,0.40494887810200453,0,1.059856466948986,11,8,0,0,D S,Marseille,0,0.40494887810200453,4.882287677377462,4.344686005264521
485,Mamadou Sakho,1,4,0,0,0,0,0,0,0,0,S,Montpellier,0,0,0.07433199882507324,0.07433199882507324
602,Dejan Lovren,10,728,0,0.7276167068630457,0,0.01740892603993416,6,1,2,1,D S,Lyon,0,0.7276167068630457,1.12466193549335,1.1066744457930326
697,Nemanja Matic,28,2294,0,0.7257280210033059,0,1.1526501569896936,11,19,9,0,M S,"Lyon,Rennes",0,0.7257280210033059,10.500774018466473,9.543940342962742
726,Vito Mannone,2,91,0,0,0,0,0,0,0,0,GK S,Lille,0,0,0,0
772,Moussa Sissoko,26,1832,0,1.25010740570724,0,1.286710923537612,10,14,7,0,F M S,Nantes,0,1.25010740570724,6.023239448666573,3.9606807865202427
914,Nabil Bentaleb,26,1975,0,0.2938596587628126,3,0.6899229548871517,10,14,7,0,M S,Lille,0,0.2938596587628126,7.287905583158135,6.597983036190271
943,Massadio Haidara,18,719,0,0.15779872238636017,1,0.24414417147636414,3,1,1,0,D S,Lens,0,0.15779872238636017,1.47297989949584,1.0710370242595673
1116,Gianluigi Donnarumma,25,2169,0,0,0,0,0,0,3,1,GK,Paris Saint Germain,0,0,5.924043433740735,5.924043433740735
1223,Milan Skriniar,24,1613,0,0.14108247868716717,0,0.03549599647521973,3,1,1,0,D S,Paris Saint Germain,0,0.14108247868716717,9.250628160312772,9.250628160312772
1516,Geoffrey Kondogbia,26,1442,0,0.3745703939348459,0,0.7353154523298144,8,10,3,0,M S,Marseille,0,0.3745703939348459,4.445752723142505,4.012066396418959
1670,Steve Mandanda,34,3060,0,0,0,0,0,0,1,0,GK,Rennes,0,0,4.257864400744438,4.257864400744438
1785,Nampalys Mendy,16,1066,0,0.160887960344553,1,1.630225621163845,7,8,2,0,M S,Lens,0,0.160887960344553,6.371999038383365,5.2536304127424955
1809,Joaquín Correa,12,434,0,0.5828954353928566,0,0.643419899046421,4,5,2,0,F M S,Marseille,0,0.5828954353928566,1.8668145267292857,0.8535171588882804
1932,Sanjin Prcic,3,90,0,0.010828334838151932,0,0.22821531258523464,1,3,0,0,M S,Strasbourg,0,0.010828334838151932,0.9854514952749014,0.7681850548833609
2107,Pau López,33,2943,0,0,0,0.38716500997543335,0,2,1,0,GK,Marseille,0,0,6.891925988718867,6.504760993644595
2243,Keylor Navas,4,360,0,0,0,0,0,0,0,0,GK,Paris Saint Germain,0,0,0.3154168166220188,0.3154168166220188
2293,Rubén Blanco,2,117,0,0,0,0,0,0,0,0,GK S,Marseille,0,0,0.27140580303967,0.27140580303967
3201,Alban Lafont,28,2501,0,0,0,0,0,0,2,0,GK,Nantes,0,0,2.2013996187597513,2.2013996187597513
3233,Mehdi Zeffane,23,1254,0,1.4550250554457307,0,0.3824244737625122,19,9,2,0,D S,Clermont Foot,0,1.4550250554457307,4.349929953925312,3.0039259158074856
3269,Anthony Lopes,31,2790,0,0,0,0.2709861099720001,0,1,0,0,GK,Lyon,0,0,3.3930690260604024,3.1220829160884023
3283,Mathieu Gorgelin,1,90,0,0,0,0,0,0,1,0,GK,Le Havre,0,0,0,0
3290,Benjamin Stambouli,7,282,0,0.04355176631361246,1,0.09760150499641895,2,3,4,0,M S,Reims,0,0.04355176631361246,0.4579763915389776,0.4198760576546192
3297,Marquinhos,21,1549,0,0.27763368748128414,1,0.7221489418298006,4,9,1,0,D S,Paris Saint Germain,0,0.27763368748128414,10.214081335812807,9.712922740727663
3298,Layvin Kurzawa,1,6,0,0,0,0,0,0,0,0,S,Paris Saint Germain,0,0,0,0
3318,Jean-Louis Leca,1,90,0,0,0,0,0,0,0,0,GK,Lens,0,0,0.0406685471534729,0.0406685471534729
3346,Jonas Martin,31,1176,0,0.6068249363452196,1,1.3834041431546211,10,15,5,0,M S,Brest,0,0.6068249363452196,5.374452080577612,4.071699779480696
3398,Rémy Riou,3,270,0,0,0,0,0,0,0,0,GK,Lyon,0,0,0.21163657307624817,0.21163657307624817
3448,Alois Confais,2,5,0,0,0,0,0,0,0,0,S,Le Havre,0,0,0,0
3451,Benjamin Lecomte,30,2700,0,0,1,0.26036486495286226,0,2,1,0,GK,Montpellier,0,0,2.861861609853804,2.6014967495575547
3502,Denis Petric,1,19,0,0,0,0,0,0,0,0,S,Nantes,0,0,0,0
3517,Ronael Pierre Gabriel,12,587,0,0.2708219066262245,0,0.7479082569479942,7,2,3,0,D S,Nantes,0,0.2708219066262245,1.4373032543808222,0.5420793239027262
3536,Jean-Victor Makengo,11,476,0,0.18293609283864498,0,0.2661716043949127,5,1,0,0,F M S,Lorient,0,0.18293609283864498,2.061639180406928,1.646923629567027
3567,Samuel Umtiti,6,184,0,0,0,0,0,0,0,0,D S,Lille,0,0,0.6482579112052917,0.6482579112052917
3591,Dimitry Bertaud,4,360,0,0,0,0,0,0,0,0,GK,Montpellier,0,0,0.07397397793829441,0.07397397793829441
3657,Kevin N&#039;Doram,23,1611,0,0.28296192828565836,2,0.5292211920022964,7,7,4,0,M S,Metz,0,0.28296192828565836,1.9627496423199773,1.4873464433476329
3670,Nicolas Pallois,23,1581,0,0.2083875872194767,1,0.5296203717589378,4,3,5,0,D S,Nantes,0,0.2083875872194767,2.8952169250696898,2.8068945836275816
3673,Valentin Rongier,10,862,0,0.47283221781253815,0,0.7356455996632576,10,9,2,0,M,Marseille,0,0.47283221781253815,5.079157188534737,4.197437301278114
3785,Kelvin Adou,12,813,0,0.030147971585392952,1,1.012249756604433,1,5,2,0,D S,Nantes,0,0.030147971585392952,2.170351080596447,1.4981824569404125
4748,Brice Samba,33,2970,0,0,0,0.18041114881634712,0,2,3,0,GK,Lens,0,0,7.400067053735256,7.342077724635601
5177,Caio Henrique,9,628,0,0.20880811661481857,5,2.153760865330696,6,13,0,0,D S,Monaco,0,0.20880811661481857,5.09084215015173,3.9042596891522408
5598,Angel Gomes,31,2605,0,1.7343415468931198,8,7.5377010479569435,35,48,5,0,M S,Lille,0,1.7343415468931198,12.069569908082485,7.670033901929855
5615,Valentin Rosier,3,36,0,0.01832275465130806,0,0.12152031064033508,1,2,0,0,S,Nice,0,0.01832275465130806,0.08631246536970139,0.08631246536970139
5626,Jeremie Bela,12,159,0,0.1868158308789134,0,0.10504308342933655,6,3,0,0,M S,Clermont Foot,0,0.1868158308789134,0.6725188922137022,0.5177998142316937
5635,Faitout Maouassa,3,76,0,0.3686111718416214,0,0.12599346041679382,3,2,0,0,D S,Lens,0,0.3686111718416214,0.530580461025238,0.1185019463300705
5654,Baptiste Santamaria,30,1937,0,1.9300971580669284,1,0.8069737106561661,28,14,3,0,M S,Rennes,0,1.9300971580669284,7.681525564752519,6.315793385729194
5659,Nordi Mukiele,16,779,0,1.6449217982590199,0,0.1606107335537672,9,3,2,0,D S,Paris Saint Germain,0,1.6449217982590199,4.2880706414580345,3.2897141948342323
5686,Digbo Maiga,7,127,0,0.06866446882486343,0,0,2,0,0,0,M S,Metz,0,0.06866446882486343,0.0471544973552227,0.0471544973552227
5752,Alexis Claude Maurice,18,470,0,1.0006207078695297,0,0.22806857153773308,18,6,1,0,M S,Nice,0,1.0006207078695297,2.574296170845628,1.6065377108752728
5759,Matteo Guendouzi,2,8,0,0.41735342144966125,0,0,2,0,0,0,S,Marseille,0,0.41735342144966125,0.41735342144966125,0
5768,Remy Descamps,6,540,0,0,0,0,0,0,1,0,GK,Nantes,0,0,0.4793882556259632,0.4793882556259632
5778,Johan Gastien,28,2315,0,0.21878023445606232,0,2.0714834621176124,11,32,7,0,M,Clermont Foot,0,0.21878023445606232,7.3041571862995625,6.238963967189193
5958,Oualid El Hajjam,13,379,0,0.7073704451322556,0,0.4363715946674347,8,7,1,0,D S,Le Havre,0,0.7073704451322556,1.186357282102108,0.3396501140668988
5984,Alexandre Oukidja,34,2987,0,0,0,0,0,0,3,0,GK,Metz,0,0,2.097907841671258,2.097907841671258
5998,Christophe Herelle,19,1624,0,0.09168298915028572,0,0.06239938363432884,4,1,4,1,D S,Metz,0,0.09168298915028572,2.747688469476998,2.73047814052552
6007,Nicolas Cozza,13,900,0,0.9644020833075047,0,0.25912923365831375,5,3,2,0,D S,Nantes,0,0.9644020833075047,3.139263514429331,2.0504905562847853
6110,Yvon Mvogo,34,3060,0,0,0,0,0,0,1,0,GK,Lorient,0,0,4.602884083986282,4.602884083986282
6238,Ignatius Ganago,6,174,0,0.36266303807497025,0,0.8077720999717712,6,4,0,0,F M S,Nantes,0,0.36266303807497025,1.6561503112316132,0.6963321566581726
6293,Gerzino Nyamsi,13,1092,0,0.24791678227484226,0,0.12601706758141518,7,4,1,0,D,Strasbourg,0,0.24791678227484226,1.6374826915562153,1.516587007790804
6308,Jessy Deminguet,18,689,0,0.13571515679359436,0,0.10380589962005615,3,2,1,0,F M S,Strasbourg,0,0.13571515679359436,0.26484305039048195,0.1592235304415226
6379,Yoel Armougom,5,223,0,0.045487139374017715,0,0.28893205150961876,2,5,1,0,D S,Clermont Foot,0,0.045487139374017715,0.6022438555955887,0.3133118152618408
6500,Romain Perraud,19,326,0,0.04746357351541519,1,0.7586815189570189,2,3,2,0,D S,Nice,0,0.04746357351541519,1.1184780057519674,1.0841377433389425
6501,Andy Pelmard,34,2984,0,0.42860449850559235,0,0.5417843293398619,2,6,1,0,D S,Clermont Foot,0,0.42860449850559235,5.9713918678462505,5.799232084304094
6709,Yehvann Diouf,34,3060,0,0,0,0,0,0,0,0,GK,Reims,0,0,5.633825052529573,5.633825052529573
6816,Jean-Clair Todibo,30,2661,0,0.7868220256641507,2,1.453206803649664,9,9,2,1,D,Nice,0,0.7868220256641507,9.044614411890507,8.252114675939083
6846,Sofiane Diop,10,505,0,1.517579635605216,0,0.7088201846927404,14,8,0,0,F M S,Nice,0,1.517579635605216,2.643633309751749,0.7353029139339924
6903,Matz Sels,19,1710,0,0,0,0.386400431394577,0,1,2,0,GK,Strasbourg,0,0,1.2328888792544603,0.8464884329587221
6904,Ibrahima Sissoko,27,1640,0,0.8727685492485762,1,1.9227196043357253,14,12,7,0,M S,Strasbourg,0,0.8727685492485762,6.204545033164322,4.821010775864124
6923,Mohammed Salisu,12,1030,0,0.1895199902355671,1,0.4635328585281968,4,3,2,0,D S,Monaco,0,0.1895199902355671,3.276549056172371,2.835811525583267
7007,Duje Caleta-Car,24,1986,0,0.6293763415887952,0,1.2204961348325014,7,7,2,1,D S,Lyon,0,0.6293763415887952,7.835800746455789,7.825894067063928
7151,Thomas Foket,27,1867,0,0.19014077819883823,1,1.1477462965995073,3,11,7,1,D M S,Reims,0,0.19014077819883823,7.332558438181877,6.401242438703775
7355,Paul Akouokou,8,311,0,0.054843299090862274,0,0,2,0,1,0,M S,Lyon,0,0.054843299090862274,0.6231786012649536,0.6231786012649536
7540,Theo Sainte Luce,6,348,0,0.11119110882282257,0,0.0902826115489006,3,1,1,0,D S,Montpellier,0,0.11119110882282257,0.17367306910455227,0.058863475918769836
7614,Lucas Perrin,31,2719,0,0.5144310761243105,1,1.240734301507473,12,7,3,0,D S,Strasbourg,0,0.5144310761243105,8.626514609903097,7.500357849523425
7739,Joris Chotard,31,2623,0,0.7801956203766167,3,1.7759358156472445,21,15,5,0,M S,Montpellier,0,0.7801956203766167,6.4589342679828405,4.5826117396354675
7763,Fabien Centonze,3,91,0,0,0,0,0,0,1,0,M S,Nantes,0,0,0.3557906523346901,0.3557906523346901
7772,Marcin Bulka,34,3060,0,0.053792212158441544,0,0,1,0,2,0,GK,Nice,0,0.053792212158441544,4.750243475660682,4.750243475660682
7891,Renan Lodi,14,1244,0,0.716683579608798,0,1.239263977855444,6,14,6,0,D,Marseille,0,0.716683579608798,4.840963572263718,3.4815161861479282
7915,Adrien Lebeau,7,34,0,0.054343704134225845,1,0.6630993112921715,1,4,0,0,S,Brest,0,0.054343704134225845,0.6970005072653294,0.07219740748405457
8049,Jean-Kevin Duverne,19,1349,0,0.6208431720733643,0,0.1384443510323763,4,3,4,0,D S,Nantes,0,0.6208431720733643,2.109121646732092,2.021633043885231
8097,Guillaume Dietsch,1,73,0,0,0,0,0,0,0,0,S,Metz,0,0,0,0
8151,Hianga&#039;a M&#039;Bock,2,5,0,0.0816519558429718,0,0.5329005122184753,1,1,0,0,S,Brest,0,0.0816519558429718,0.6223156675696373,0.007763204630464315
8548,Arnau Tenas,6,529,0,0,1,0.2893681228160858,0,1,0,0,GK S,Paris Saint Germain,0,0,0.8662592172622681,0.5768910944461823
8638,Lucas Chevalier,33,2970,0,0,0,0.11662076413631439,0,2,1,0,GK,Lille,0,0,3.205430978909135,3.0888102184981108
8641,Radoslaw Majecki,12,1080,0,0,0,0,0,0,1,0,GK,Monaco,0,0,0.8437743112444878,0.8437743112444878
8644,Eliot Matazo,6,72,0,0.08698328584432602,1,0.9687121957540512,1,2,2,0,S,Monaco,0,0.08698328584432602,1.2833445854485035,0.22764906473457813
8647,Thibault De Smet,27,1852,0,0.17507822439074516,0,0.7101392019540071,4,14,7,1,D M S,Reims,0,0.17507822439074516,5.10480585321784,4.743182646110654
8650,Julien Laporte,23,1823,0,0.8170445524156094,0,0.044015832245349884,13,1,4,0,D S,Lorient,0,0.8170445524156094,3.0845659067854285,3.016678139567375
8651,Enzo Le Fée,25,1548,0,0.5182020096108317,1,1.7437881659716368,12,28,3,0,M S,Rennes,0,0.5182020096108317,5.8787168357521296,4.989643240347505
8653,Adrian Grbic,1,28,0,0.11221704632043839,0,0,2,0,0,0,S,Lorient,0,0.11221704632043839,0.1789318472146988,0.11003397405147552
8656,Birger Meling,1,12,0,0.11981295049190521,0,0,1,0,0,0,S,Rennes,0,0.11981295049190521,0.162633016705513,0.042820077389478683
8687,Kiki Kouyate,23,1936,0,0.8520762994885445,2,1.5966659225523472,13,5,5,1,D S,Montpellier,0,0.8520762994885445,2.321308160200715,2.102388048544526
8691,Saidou Sow,10,714,0,0.11384033039212227,1,0.4738517999649048,3,2,2,0,D S,Strasbourg,0,0.11384033039212227,1.5059031322598457,1.0320513248443604
8703,Sinaly Diomande,10,892,0,0.8058434035629034,0,0.39381058141589165,6,3,2,0,D,Lyon,0,0.8058434035629034,1.3209533728659153,1.2120576314628124
8995,Hugo Ekitike,1,8,0,0,0,0.030382072553038597,0,1,0,0,S,Paris Saint Germain,0,0,0.0524059422314167,0.022023867815732956
9060,Danilo Pereira,26,1981,0,1.7964236102998257,0,0,10,0,2,0,D S,Paris Saint Germain,0,1.7964236102998257,10.688812766224146,10.57005325332284
9068,Komnen Andric,7,135,0,0.07827247492969036,0,0.14656597841531038,3,4,0,0,F S,Clermont Foot,0,0.07827247492969036,0.26071527134627104,0.05100732110440731
9140,Maxime Busi,5,152,0,0.3641709089279175,0,0.22488996386528015,1,3,1,0,M S,Reims,0,0.3641709089279175,1.2481651678681374,0.6591042950749397
9197,Loris Mouyokolo,1,90,0,0,0,0,0,0,0,0,D,Lorient,0,0,0.12271364778280258,0.12271364778280258
9279,Krépin Diatta,26,1163,0,0.8094843309372663,2,2.623059577308595,9,23,2,0,D M S,Monaco,0,0.8094843309372663,7.894643863663077,6.785860065370798
9317,Oussama Targhaline,14,1053,0,0.14114288240671158,0,0.28763836808502674,6,8,3,1,M S,Le Havre,0,0.14114288240671158,2.447756426408887,2.1989851035177708
9399,Quentin Merlin,26,2014,0,0.7230393858626485,2,2.9117498681880534,19,30,1,0,D M S,"Marseille,Nantes",0,0.7230393858626485,8.895181046798825,7.161321360617876
9514,Antoine Mendy,10,414,0,0.12176655977964401,0,0.39360690861940384,2,2,0,0,D S,Nice,0,0.12176655977964401,3.1416187062859535,2.8269193172454834
9562,Sacha Delaye,9,104,0,0.27823230996727943,0,0.10186490416526794,5,2,1,0,S,Montpellier,0,0.27823230996727943,0.35586848109960556,0.023650046437978745
9614,Marco Bizot,32,2877,0,0,0,0.1316264159977436,0,3,3,1,GK,Brest,0,0,4.476430103182793,4.391507426276803
9616,Grégoire Coudert,3,181,0,0,0,0,0,0,0,0,GK S,Brest,0,0,0.36938104033470154,0.36938104033470154
9638,Arthur Desmas,33,2970,0,0,0,0.1745983362197876,0,1,2,0,GK,Le Havre,0,0,2.015949409455061,1.8413510732352734
9642,Salis Abdul Samed,27,1510,0,0.8402506019920111,0,0.6497425884008408,5,6,2,0,M S,Lens,0,0.8402506019920111,8.304884536191821,6.872539086267352
9652,Alidu Seidu,25,1728,0,0.09585056779906154,1,0.8352891271933913,8,8,8,1,D S,"Clermont Foot,Rennes",0,0.09585056779906154,4.521311935968697,4.3677008440718055
9655,Pablo Rosario,30,1996,0,0.8373203622177243,0,1.459423739463091,16,17,4,0,D M S,Nice,0,0.8373203622177243,10.211026633158326,8.954532898962498
9658,Billal Brahimi,20,186,0,0.12922620959579945,0,0.5664444714784622,4,7,1,1,F S,"Brest,Nice",0,0.12922620959579945,1.5122875031083822,0.9866894241422415
9659,Bradley Locko,33,2962,0,0.2747934786602855,3,1.6215941831469536,12,23,5,0,D,Brest,0,0.2747934786602855,11.308132014237344,10.337844431400299
9661,Igor Silva,5,251,0,0.04985778406262398,0,0.20471573621034622,1,2,2,0,D S,Lorient,0,0.04985778406262398,0.40068452060222626,0.3508267402648926
9670,Léo Leroy,21,439,0,0.8237765040248632,1,0.35707481298595667,7,4,3,0,M S,Montpellier,0,0.8237765040248632,2.770360761322081,1.9842935791239142
9673,Bilal Nadir,5,100,0,0.08276744186878204,0,0.13041460886597633,1,2,1,0,M S,Marseille,0,0.08276744186878204,0.21318205073475838,0.07328885048627853
9699,Bamo Meïté,18,761,0,0.08617095649242401,0,0.011449407786130905,1,1,1,0,D S,"Lorient,Marseille",0,0.08617095649242401,3.301255164667964,3.301255164667964
9826,Axel Camblan,7,70,0,0.31964658200740814,0,0.03326454758644104,2,1,2,0,S,Brest,0,0.31964658200740814,0.3047952204942703,0.061330124735832214
9873,Montassar Talbi,25,2204,0,0.6891204351559281,0,0.25166409090161324,5,7,2,0,D,Lorient,0,0.6891204351559281,4.523782499134541,4.413807041943073
9929,Théo Le Bris,26,1498,0,1.003899421542883,2,1.3127658069133759,13,13,2,0,D M S,Lorient,0,1.003899421542883,5.161802479997277,3.0794665943831205
9931,Lovro Majer,1,12,0,0.042820077389478683,0,0.2584652304649353,1,2,0,0,S,Rennes,0,0.042820077389478683,0.37187138199806213,0.07058607786893845
9963,Maximiliano Caufriez,20,1686,0,0.22163724340498447,1,0.19073536712676287,6,9,5,3,D,Clermont Foot,0,0.22163724340498447,2.3175756316632032,2.1690973164513707
10044,Aiman Maurer,5,44,0,0.12488669157028198,0,0,3,0,0,0,S,Clermont Foot,0,0.12488669157028198,0.28513936325907707,0.1602526679635048
10195,Ibrahim Diakité,5,100,0,0,0,0.0980342011898756,0,2,0,0,D S,Reims,0,0,0.4709131345152855,0.3943038582801819
10236,Silvan Hefti,11,711,0,0.2166466685011983,1,1.4108116924762726,4,4,1,0,D M S,Montpellier,0,0.2166466685011983,2.4090773798525333,1.2318535577505827
10263,Alaa Bellarouch,15,1350,0,0,0,0.033435191959142685,0,1,1,0,GK,Strasbourg,0,0,1.6610604375600815,1.6610604375600815
10300,Jeanuël Belocian,23,1459,0,0.4875206686556339,1,0.3548547849059105,3,6,0,0,D S,Rennes,0,0.4875206686556339,4.262160075828433,4.06894819997251
10302,Danley Jean Jacques,33,2694,0,2.9617251148447394,0,0.4454032639041543,34,9,4,0,M S,Metz,0,2.9617251148447394,4.653666585683823,1.7738110637292266
10318,Kelvin Yeboah,13,233,0,0.5418527387082577,0,0.23647567629814148,7,5,0,0,S,Montpellier,0,0.5418527387082577,0.9585213605314493,0.22775056771934032
10346,Bonke Innocent,4,211,0,0.07072122395038605,0,0.11795753240585327,2,2,1,0,M S,Lorient,0,0.07072122395038605,1.19307741522789,1.1648102402687073
10347,Pablo Pagis,3,175,0,0.10874316096305847,0,0,3,0,1,0,M,Lorient,0,0.10874316096305847,0.08537323027849197,0.023136625066399574
10373,Falaye Sacko,19,1373,0,0.023633526638150215,1,0.3710645101964474,1,7,0,0,D S,Montpellier,0,0.023633526638150215,2.64633431378752,2.4950588578358293
10375,Enzo Tchato Mbiayi,17,1119,0,0.3418476041406393,0,0.19506716448813677,5,7,2,0,D S,Montpellier,0,0.3418476041406393,3.253545278683305,2.8147579822689295
10381,Ibrahima Koné,1,30,0,0,0,0,0,0,0,0,S,Lorient,0,0,0,0
10389,Fali Candé,25,1836,0,0.7711716489866376,1,0.2514672242105007,13,6,4,0,D S,Metz,0,0.7711716489866376,2.0065143145620823,1.8363204840570688
10390,Ismaël Doukouré,22,1672,0,0.21567039284855127,0,0.20686044543981552,9,9,4,0,D M S,Strasbourg,0,0.21567039284855127,3.439118914306164,3.0547689525410533
10527,Carlos Baleba,2,65,0,0.030348950996994972,0,0,2,0,0,0,M S,Lille,0,0.030348950996994972,0.5445556640625,0.5142067074775696
10702,Johann Lepenant,6,251,0,0.08760345168411732,0,0.1649843007326126,4,3,1,0,M S,Lyon,0,0.08760345168411732,0.5954738762229681,0.5186909586191177
10703,Mohamed El Arouch,1,1,0,0,0,0,0,0,0,0,S,Lyon,0,0,0,0
10770,Soungoutou Magassa,21,1339,0,0.5910461433231831,0,0.11408420279622078,8,2,7,0,D M S,Monaco,0,0.5910461433231831,4.742211680859327,4.713962059468031
10780,Mory Diaw,30,2700,0,0,0,0.04598391801118851,0,2,3,0,GK,Clermont Foot,0,0,2.3076879046857357,2.261703984811902
10782,Neto Borges,28,2520,0,0.5178292142227292,1,2.267312972806394,16,25,3,1,D,Clermont Foot,0,0.5178292142227292,5.685965292155743,4.103292102925479
10787,Mikkel Desler,24,1560,0,1.1496010944247246,1,1.2052357457578182,16,9,2,0,D M S,Toulouse,0,1.1496010944247246,3.599463239312172,2.863821864128113
10791,Stijn Spierings,26,1611,0,0.32107141613960266,1,0.7943557417020202,11,14,7,0,M S,"Lens,Toulouse",0,0.32107141613960266,6.608952850103378,6.1175940297544
10792,Farès Chaïbi,2,49,0,0,1,0.5024143569171429,0,2,1,0,S,Toulouse,0,0,0.06752050668001175,0.026507822796702385
10795,Denis Genreau,9,466,0,0.3972939131781459,0,0.6255151499062777,3,6,0,0,M S,Toulouse,0,0.3972939131781459,2.0142574422061443,1.3195934109389782
10797,Kévin Biakolo,8,541,0,0.009757963940501213,0,0.13449538219720125,1,3,1,0,D S,Toulouse,0,0.009757963940501213,1.3601678619161248,1.2683480083942413
10810,Alexsandro Ribeiro,29,2207,0,2.4435949474573135,0,1.0118668656796217,17,5,6,1,D S,Lille,0,2.4435949474573135,7.510616027750075,7.3452057326212525
10827,Amine Salama,11,285,0,1.2880796808749437,0,0.2140091359615326,6,5,0,0,F S,Reims,0,1.2880796808749437,1.6887680143117905,0.6991863921284676
10835,Achraf Dari,4,117,0,0.04746658727526665,0,0,1,0,0,0,D S,Brest,0,0.04746658727526665,0.05599277466535568,0.05599277466535568
10836,Karamoko Dembele,1,11,0,0,0,0,0,0,0,0,S,Brest,0,0,0,0
10843,Gédéon Kalulu,19,975,0,0.6428866423666477,1,1.1876168716698885,6,8,0,0,D S,Lorient,0,0.6428866423666477,3.7274695094674826,2.3100850861519575
10868,Guela Doué,24,1218,0,0.4617900559678674,2,1.2490335423499346,15,17,1,1,D S,Rennes,0,0.4617900559678674,3.6311829686164856,2.7432536594569683
10919,Yanis Begraoui,14,279,0,0.43919466249644756,0,0.1227879673242569,7,1,0,0,F M S,Toulouse,0,0.43919466249644756,0.7774120308458805,0.4157807771116495
11013,Naatan Skyttä,8,97,0,0.5021806135773659,0,0.5789231508970261,5,5,0,0,S,Toulouse,0,0.5021806135773659,1.302496187388897,0.787348099052906
11024,Alan Virginius,16,1039,0,0.9961100295186043,2,1.5445407945662737,10,12,0,0,F M S,"Clermont Foot,Lille",0,0.9961100295186043,3.9798446353524923,1.7796688415110111
11035,Marquinhos,7,147,0,0.24020187556743622,0,1.0209415145218372,5,5,0,0,M S,Nantes,0,0.24020187556743622,1.8422130700200796,1.014564711600542
11049,Reda Belahyane,1,24,0,0,0,0,0,0,0,0,S,Nice,0,0,0,0
11066,Yaya Fofana,4,16,0,0.08731898292899132,0,0,3,0,0,0,S,Reims,0,0.08731898292899132,0.14484276250004768,0.09309183061122894
11084,Axel Gueguin,3,124,0,0,0,0.08152110129594803,0,1,0,0,D S,Montpellier,0,0,0.10308125615119934,0.021560152992606163
11157,Sael Kumbedi,17,908,0,0.27617457415908575,1,0.6427205298095942,6,5,4,0,D M S,Lyon,0,0.27617457415908575,2.888322114944458,2.093461785465479
11252,Ichem Ferrah,1,1,0,0,0,0,0,0,0,0,S,Lille,0,0,0,0
11253,Mamadou Sarr,1,4,0,0,0,0,0,0,0,0,S,Lyon,0,0,0,0
11259,Julien Le Cardinal,14,515,0,0.34435148537158966,0,0.15290643274784088,4,2,3,0,D S,"Brest,Lens",0,0.34435148537158966,0.7253205049782991,0.5156152937561274
11271,Nathan Zeze,13,1026,0,0.1480166306719184,0,0,3,0,1,0,D S,Nantes,0,0.1480166306719184,1.7902700686827302,1.7811707872897387
11291,Warren Kamanzi,24,1173,0,0.6049273461103439,3,2.35152455791831,6,12,1,0,D M S,Toulouse,0,0.6049273461103439,4.151657538488507,1.9243591614067554
11293,François Mughe,5,175,0,0.09188223257660866,0,0.14500178769230843,3,2,1,0,M S,Marseille,0,0.09188223257660866,0.45938766561448574,0.2345729675143957
11339,Youssouf Ndayishimiye,23,1715,0,1.2197498939931393,0,0.8034768821671605,14,11,6,1,D M S,Nice,0,1.2197498939931393,6.716884715482593,6.466902259737253
11342,Eduard Sobol,3,16,0,0,0,0,0,0,0,0,S,Strasbourg,0,0,0,0
11343,Gabriel Suazo,31,2380,0,0.6201653834432364,4,2.9135293792933226,10,43,5,0,D F M S,Toulouse,0,0.6201653834432364,7.371823449619114,5.551996757276356
11344,Jaouen Hadjam,8,90,0,0.04207839071750641,0,0.43572484888136387,1,4,0,0,S,Nantes,0,0.04207839071750641,1.3459541127085686,0.9314542785286903
11350,Amin Sarr,3,90,0,0.6009720340371132,0,0.0890473797917366,5,1,0,0,F S,Lyon,0,0.6009720340371132,0.6891261711716652,0.07779436558485031
11389,Valentin Atangana Edoa,15,541,0,0.40866832807660103,0,0.1224844828248024,9,2,0,0,M S,Reims,0,0.40866832807660103,0.8975416347384453,0.5280376225709915
11407,Edan Diop,10,137,0,0,0,0,0,0,3,0,S,Monaco,0,0,0.12093839421868324,0.12093839421868324
11465,Stredair Appuah,4,69,0,0.40877335146069527,0,0,4,0,0,0,S,Nantes,0,0.40877335146069527,0.4622436352074146,0.09666129946708679
11468,Thérence Koudou,9,291,0,0.030695180408656597,0,0.2206723429262638,2,5,3,0,D S,Reims,0,0.030695180408656597,0.9648726750165224,0.7442003265023232
11505,Aurelien Pelon,1,90,0,0,0,0,0,0,1,0,D,Lorient,0,0,0,0
11545,Jérémy Jacquet,7,234,0,0.1028948426246643,1,0.1672557108104229,1,2,0,0,D S,"Clermont Foot,Rennes",0,0.1028948426246643,0.5136230736970901,0.38358307629823685
11613,Mamadou Diakhon,11,174,0,0.02649614028632641,0,0.14303268492221832,1,1,0,0,F S,Reims,0,0.02649614028632641,0.9389258455485106,0.7693970203399658
11729,Bénie Traoré,14,486,0,0.7419605404138565,1,1.2470746487379074,7,8,1,1,F S,Nantes,0,0.7419605404138565,2.742165692150593,0.9107773043215275
11759,Aaron Malouda,1,1,0,0,0,0,0,0,0,0,S,Lille,0,0,0,0
11763,Abduqodir Khusanov,11,819,0,0.19425269588828087,0,0.07268452644348145,5,1,4,0,D S,Lens,0,0.19425269588828087,1.763464143499732,1.635731739923358
11764,Ayanda Sishuba,7,44,0,1.0613732365891337,0,0.025091631338000298,12,1,0,0,S,Lens,0,1.0613732365891337,1.2434313325211406,0.24414417147636414
11766,Manuel Ugarte,25,1938,0,0.43219534307718277,2,1.0513594467192888,10,14,5,0,M S,Paris Saint Germain,0,0.43219534307718277,12.84576378017664,11.889188755303621
11768,Cher Ndour,3,20,0,0,0,0,0,0,1,0,S,Paris Saint Germain,0,0,0.21180890500545502,0.21180890500545502
11769,Dembo Sylla,1,42,0,0.03768537938594818,0,0,1,0,0,0,S,Lorient,0,0.03768537938594818,0.03768537938594818,0
11770,Formose Mendy,18,1246,0,0.26530435774475336,0,0.1616651751101017,7,2,6,0,D S,Lorient,0,0.26530435774475336,2.0882100453600287,1.926544870249927
11773,Douglas Augusto,25,1791,0,1.3544314978644252,0,1.5766075644642115,16,18,7,0,M S,Nantes,0,1.3544314978644252,5.938078632578254,4.403514040634036
11774,Lamine Diack,1,1,0,0,0,0,0,0,0,0,S,Nantes,0,0,0,0
11775,Bastien Meupiyou,1,8,0,0,0,0,0,0,0,1,D,Nantes,0,0,0.008249982260167599,0.008249982260167599
11776,Guillaume Restes,34,3060,0,0,0,0,0,0,3,0,GK,Toulouse,0,0,2.860344873741269,2.860344873741269
11778,Mamady Bangré,8,73,0,0.18040728941559792,1,0.8699694573879242,3,5,2,0,S,Toulouse,0,0.18040728941559792,1.104147456586361,0.2142858188599348
11780,Massamba Ndiaye,4,360,0,0,0,0,0,0,0,0,GK,Clermont Foot,0,0,0.5099521838128567,0.5099521838128567
11781,Philipp Köhn,22,1980,0,0,0,0,0,0,0,0,GK,Monaco,0,0,2.378115151077509,2.378115151077509
11786,Becir Omeragic,28,2316,0,0.31989325676113367,0,0.8321256777271628,9,10,4,0,D M S,Montpellier,0,0.31989325676113367,4.197980768978596,3.985558643937111
11787,Loïc Négo,28,1583,0,1.3509439853951335,3,1.1667233724147081,18,13,2,0,D M S,Le Havre,0,1.3509439853951335,4.848459834232926,2.488972395658493
11788,Arouna Sangante,30,2698,0,0.6515988428145647,0,1.2633824171498418,16,17,8,0,D,Le Havre,0,0.6515988428145647,5.54806715156883,4.7728124018758535
11789,Josué Casimir,30,2066,0,1.4895929899066687,5,4.364805613644421,21,30,6,0,D F M S,Le Havre,0,1.4895929899066687,7.464236579835415,3.6296002957969904
11790,Rassoul Ndiaye,19,508,0,0.11799005419015884,0,0.11345826648175716,5,2,2,2,M S,Le Havre,0,0.11799005419015884,0.7552623394876719,0.5636159107089043
11792,Issa Soumaré,7,243,0,0.45729308016598225,0,0.7231943272054195,5,3,0,0,F M S,Le Havre,0,0.45729308016598225,0.5209243465214968,0.0809389054775238
11793,Andy Logbo,10,225,0,0.32186775654554367,0,0.10051199421286583,4,3,0,0,F S,Le Havre,0,0.32186775654554367,0.2554340958595276,0
11794,Antoine Joujou,23,722,0,1.2131121344864368,2,0.5873505733907223,20,9,1,0,F M S,Le Havre,0,1.2131121344864368,2.8249927572906017,1.3559063412249088
11796,Étienne Youté,22,1947,0,0.25208092853426933,0,0.12427375093102455,6,3,1,0,D,Le Havre,0,0.25208092853426933,3.4935755897313356,3.387337388470769
11797,Maxime Colin,22,1835,0,0.23018073663115501,0,0.68876594863832,6,4,3,0,D,Metz,0,0.23018073663115501,2.892052374780178,2.5728819742798805
11798,Koffi Kouao,13,868,0,0.23934027459472418,2,1.3542440719902515,5,6,2,0,D S,Metz,0,0.23934027459472418,2.6819926276803017,1.6917280554771423
11801,Benjamin Tetteh,12,247,0,0.19910944253206253,0,0.06228236109018326,3,2,2,0,F S,Metz,0,0.19910944253206253,0.2646299675107002,0.0655205249786377
11802,Malick Mbaye,5,144,0,0.5085585154592991,0,0.08028867654502392,4,2,1,0,M S,Metz,0,0.5085585154592991,0.5456038936972618,0.05055042635649443
11803,Jean N&#039;Guessan,6,103,0,0.05946244299411774,0,0,3,0,0,0,M S,Metz,0,0.05946244299411774,0.09735417366027832,0.07580166682600975
11804,Aboubacar Lô,6,191,0,0.049072057008743286,0,0.2920311689376831,1,2,0,1,D M S,Metz,0,0.049072057008743286,0.29980450635775924,0.03696373803541064
11806,Sadibou Sané,14,845,0,0.30414812825620174,0,0.008746094070374966,5,1,1,0,D S,Metz,0,0.30414812825620174,1.8542188676074147,1.8542188676074147
11818,Ângelo,21,1065,0,0.5878619709983468,3,3.147912744898349,9,26,2,0,F M S,Strasbourg,0,0.5878619709983468,6.498367574065924,4.074120530858636
11819,Clinton Mata,28,2223,0,0.6214882228523493,3,2.3802453950047493,14,14,6,0,D S,Lyon,0,0.6214882228523493,8.999163658358157,6.730494701303542
11905,Ignacio Miramón,2,39,0,0.028726566582918167,0,0,2,0,0,0,M S,Lille,0,0.028726566582918167,0.2108672857284546,0.18214072287082672
11978,Diego Moreira,7,269,0,0.9072051644325256,0,0.35414861142635345,5,3,1,0,M S,Lyon,0,0.9072051644325256,1.4055219814181328,0.35729423351585865
11996,Mathis Lambourde,1,8,0,0,0,0,0,0,0,0,S,Rennes,0,0,0,0
12001,Joseph N&#039;Duquidi,13,744,0,0.16020814329385757,0,0.036074258387088776,4,2,2,0,D M S,Metz,0,0.16020814329385757,0.5181192681193352,0.43349954299628735
12004,Joel Mvuka,7,189,0,0.029481088742613792,0,0,1,0,1,0,D S,Lorient,0,0.029481088742613792,0.029481088742613792,0
12024,Adson,8,220,0,0.2717675641179085,0,0.07938145659863949,5,3,0,0,M S,Nantes,0,0.2717675641179085,1.3329124366864562,1.177577949129045
12039,Bertug Yildirim,21,411,0,1.4484275393188,1,0.5712480749934912,9,4,3,0,F S,Rennes,0,1.4484275393188,1.7288285419344902,0.5775931160897017
12045,Aron Dønnum,27,1628,0,1.2176911104470491,1,2.4736274564638734,21,23,8,0,F M S,Toulouse,0,1.2176911104470491,5.740901775658131,3.547597063705325
12052,Aliou Balde,7,58,0,0.11421811208128929,0,0,3,0,0,0,S,Nice,0,0.11421811208128929,0.5834536291658878,0.46923551708459854
12066,Ethan Mbappé,3,39,0,0.16309252381324768,0,0,2,0,0,0,S,Paris Saint Germain,0,0.16309252381324768,0.7625649720430374,0.5994724482297897
12079,Óscar Estupiñán,6,259,0,0.2691512666642666,0,0.009661574847996235,6,1,0,0,F S,Metz,0,0.2691512666642666,0.2551868110895157,0
12119,Antonin Cartillier,1,6,0,0,0,0,0,0,0,0,S,Monaco,0,0,0,0
12120,Noam Mayoka-Tika,1,1,0,0,0,0,0,0,0,0,S,Marseille,0,0,0,0
12127,Yanis Issoufou,1,9,0,0,0,0,0,0,0,0,S,Montpellier,0,0,0,0
12133,Steven Baseya,2,3,0,0,0,0,0,0,0,0,S,Strasbourg,0,0,0,0
12143,Mahamadou Diawara,11,354,0,0.7673920597881079,0,0.1789290141314268,6,3,2,0,M S,Lyon,0,0.7673920597881079,1.0142083633691072,0.14377734623849392
12144,Bassirou N&#039;Diaye,5,138,0,0,0,0.3115178346633911,0,2,0,0,S,Lorient,0,0,0.4161699377000332,0.12411732599139214
12159,Mahamadou Nagida,3,104,0,0.16280477494001389,0,0.268251433968544,3,3,0,0,D S,Rennes,0,0.16280477494001389,0.6473540365695953,0.30903878808021545
12162,Ayyoub Bouaddi,9,117,0,0,0,0.01739376224577427,0,1,1,1,M S,Lille,0,0,0.799903616309166,0.7825098484754562
12163,Amadou Koné,16,459,0,0.17078837379813194,0,0.35327933728694916,6,4,2,1,M S,Reims,0,0.17078837379813194,1.235429858788848,1.1062235906720161
12164,Adama Bojang,9,59,0,0.8690661787986755,0,0.05305251479148865,4,1,1,0,S,Reims,0,0.8690661787986755,1.6973143815994263,0.7751956945285201
12228,Abdellah Baallal,1,1,0,0,0,0,0,0,0,0,S,Clermont Foot,0,0,0,0
12258,Luc Zogbe,1,7,0,0,0,0,0,0,0,0,S,Brest,0,0,0.011479184031486511,0.011479184031486511
12264,Saïmon Bouabré,1,40,0,0,0,0,0,0,0,0,S,Monaco,0,0,0.08828689157962799,0.08828689157962799
12283,Daouda Traoré,1,14,0,0.062119290232658386,0,0,1,0,0,0,S,Nice,0,0.062119290232658386,0.4891355037689209,0.4270161986351013
12285,Mamadou Coulibaly,5,120,0,0.11748676002025604,0,0.021120427176356316,2,1,0,0,M S,Monaco,0,0.11748676002025604,0.520616427063942,0.38200922310352325
12307,Mohamed Bechikh,2,9,0,0,0,0,0,0,0,0,S,Strasbourg,0,0,0.024185655638575554,0.024185655638575554
12326,Royce Openda,1,14,0,0,0,0,0,0,0,0,S,Lorient,0,0,0,0
12327,Gino Caoki,1,5,0,0,0,0,0,0,0,0,S,Lorient,0,0,0,0
12332,Hugo Boutsingkham,2,6,0,0,0,0,0,0,0,0,S,Nantes,0,0,0,0
12335,Steve Ngoura,12,193,0,0.6314274948090315,1,0.0766507238149643,7,1,0,0,F S,Le Havre,0,0.6314274948090315,1.7898901496082544,1.0818119328469038
12337,Adryelson,2,3,0,0,0,0,0,0,0,0,S,Lyon,0,0,0,0
12343,Jhoanner Chávez,8,486,0,0.5122348442673683,0,0.9299897663295269,3,4,1,0,D M S,Lens,0,0.5122348442673683,3.5853820741176605,2.242269203066826
12345,Senny Mayulu,8,321,0,0.18894419446587563,1,0.4834381118416786,3,6,0,0,F M S,Paris Saint Germain,0,0.18894419446587563,1.9737593829631805,1.361293151974678
12368,Chaïm El Djebali,1,8,0,0,0,0,0,0,0,0,S,Lyon,0,0,0,0
12375,Sofiane Sidi Ali,2,12,0,0.06802459806203842,0,0,1,0,0,0,S,Marseille,0,0.06802459806203842,0.3908601924777031,0.3228355944156647
12376,Lucas Michal,1,2,0,0,0,0,0,0,0,0,S,Monaco,0,0,0,0
12382,Nathaniel Adjei,15,1243,0,0.3647497743368149,0,0.07138668745756149,4,3,2,0,D S,Lorient,0,0.3647497743368149,2.7994321640580893,2.756242336705327
12384,Mohamed-Amine Bouchenna,2,20,0,0.038737524300813675,0,0.1028948426246643,1,1,1,0,S,Clermont Foot,0,0.038737524300813675,0.14163236320018768,0
12386,Adel Mahamoud,1,5,0,0,0,0,0,0,0,0,S,Nantes,0,0,0,0
12388,Enzo Mongo,1,5,0,0,0,0,0,0,0,0,S,Nantes,0,0,0,0
12400,Rabby Nzingoula,6,123,0,0.09534735232591629,1,0.1509222835302353,1,2,1,0,M S,Strasbourg,0,0.09534735232591629,0.2588345929980278,0.012564962729811668
12420,Tiago Morais,3,35,0,0.3163146376609802,0,0,1,0,0,0,S,Lille,0,0.3163146376609802,0.3163146376609802,0
12421,Andrej Ilic,2,2,0,0,0,0,0,0,0,0,S,Lille,0,0,0.02604314684867859,0.02604314684867859
12446,Simon Ebonog,4,14,0,0,0,0,0,0,0,0,S,Le Havre,0,0,0.6314274668693542,0.6314274668693542
12451,Djaoui Cissé,2,2,0,0,0,0,0,0,0,0,S,Rennes,0,0,0,0
12468,Trévis Dago,4,16,0,0.12940369546413422,1,0.23098595440387726,1,1,1,0,S,Lille,0,0.12940369546413422,0.3603896498680115,0
12519,Aboubacar Ali Abdallah,9,107,0,0.16119401156902313,1,0.2815385162830353,4,1,0,0,F S,Strasbourg,0,0.16119401156902313,0.41045947559177876,0.015694549307227135
12552,Christ Mbondi,1,1,0,0,0,0,0,0,0,0,S,Reims,0,0,0,0
12555,Ivan M&#039;Bahia,1,7,0,0,0,0.014228228479623795,0,1,1,0,S,Clermont Foot,0,0,0.026599327102303505,0.012371097691357136
12586,Raimane Daou,1,22,0,0,0,0,0,0,0,0,S,Marseille,0,0,0.07235130667686462,0.07235130667686462
12587,Keyliane Abdallah,1,1,0,0,0,0,0,0,0,0,S,Marseille,0,0,0,0
12606,Ilhan Fakili,3,93,0,0.11828725412487984,0,0.025857998058199883,4,1,0,0,M S,Clermont Foot,0,0.11828725412487984,0.2796327695250511,0.13548752665519714
12618,Abdoul Koné,3,202,0,0,0,0.622617095708847,0,2,1,0,D,Reims,0,0,0.6921053975820541,0.06948830187320709
12636,Vignon Ouotro,1,3,0,0,0,0,0,0,0,0,S,Strasbourg,0,0,0,0
