,id,player_name,games,time,goals_season,xG_season,assists_season,xA_season,shots_season,key_passes_season,yellow_cards,red_cards,position,team_title,npg_season,npxG_season,xGChain,xGBuildup
0,2371,Cristiano Ronaldo,33,2807,29,29.838080540299416,3,3.854639131575823,167,36,3,0,F S,Juventus,23,23.747807636857033,28.635408580303192,8.915713196620345
1,594,Romelu Lukaku,36,2885,24,23.425761096179485,11,8.387606982141733,97,53,4,0,F S,Inter,18,18.85796343535185,30.672939762473106,5.996651898138225
2,1229,Luis Muriel,36,1434,22,16.69221208244562,8,4.887805109843612,86,46,0,0,F M S,Atalanta,20,14.408358044922352,23.75210902094841,6.238759083673358
3,7084,Dusan Vlahovic,37,2945,21,18.47659022733569,3,2.2961632944643497,86,18,1,0,F S,Fiorentina,15,13.908836300484836,14.827188201248646,1.5626247003674507
4,1209,Ciro Immobile,35,2887,20,19.77111872844398,6,7.202587214298546,119,54,3,1,F S,Lazio,16,13.68072753213346,24.116883251816034,4.969875447452068
5,1362,Simy,38,2935,20,17.47387995570898,2,1.525829304009676,64,27,1,0,F S,Crotone,12,11.38356663659215,13.730488548055291,2.165550235658884
6,1393,Lorenzo Insigne,35,2888,19,17.347502633929253,7,9.122006066143513,144,63,2,1,F M S,Napoli,12,11.257102621719241,27.06416542828083,12.546444866806269
7,1612,Domenico Berardi,30,2494,17,14.489954987540841,7,6.099211188964546,113,58,4,0,D F M S,Sassuolo,10,8.399760433472693,19.3198859449476,7.612012619152665
8,7006,Lautaro Martínez,38,2598,17,16.887195516377687,6,6.3103544022887945,109,38,5,0,F M S,Inter,15,15.364597965031862,23.09420534595847,3.8611143939197063
9,1592,João Pedro,37,3273,16,13.289643744006753,3,5.296103684231639,75,38,4,0,F M,Cagliari,12,9.483153296634555,17.20094309654087,6.281496572308242
10,1148,Duván Zapata,37,2407,15,18.03863985836506,9,6.08406893350184,98,42,0,0,F M S,Atalanta,14,17.277340568602085,27.761002134531736,7.628689471632242
11,1741,Zlatan Ibrahimovic,19,1503,15,16.254984244704247,2,1.4163753855973482,80,19,2,1,F S,AC Milan,12,11.687309190630913,11.79189470410347,3.0064300671219826
12,317,Henrikh Mkhitaryan,34,2752,13,12.416659481823444,10,8.947890466079116,82,48,2,0,F M S,Roma,12,11.655360467731953,28.586254842579365,10.100948265753686
13,1186,Andrea Belotti,35,2915,13,13.569569863379002,6,7.065984427928925,106,38,4,0,F S,Torino,9,9.763118781149387,16.29298414848745,1.811144103296101
14,1230,Fabio Quagliarella,33,2216,13,11.09374114125967,1,1.4081908948719501,83,19,1,0,F S,Sampdoria,11,8.809969119727612,10.010087101720273,1.1652662921696901
15,1489,Franck Kessié,37,3231,13,13.495032045990229,4,3.90841150842607,49,32,8,0,M S,AC Milan,2,3.598271030932665,16.192331817001104,11.070897400379181
16,1580,Mattia Destro,29,1625,11,7.482144523411989,1,0.5846976954489946,37,7,5,0,F S,Genoa,11,7.482144523411989,8.329889498651028,1.2265980867668986
17,1804,Álvaro Morata,32,2019,11,12.065579578280449,9,5.670545108616352,56,40,3,1,F S,Juventus,10,11.304317578673363,19.798626750707626,4.521955661475658
18,1852,Ante Rebic,27,1783,11,7.283670085482299,4,6.700196048244834,43,38,4,1,F M S,AC Milan,11,7.283670085482299,14.174341551959515,2.427316853776574
19,6155,Robin Gosens,32,2545,11,9.200874822214246,6,3.659894172102213,52,29,7,1,D M S,Atalanta,11,9.200874822214246,19.697847314178944,9.91151787340641
20,6980,Francesco Caputo,25,1703,11,10.661267196759582,5,2.444154467433691,43,17,1,0,F S,Sassuolo,8,8.377364238724113,11.61442737095058,2.2344673108309507
21,7999,Hirving Lozano,32,1977,11,11.04879554733634,3,5.134571269154549,60,35,6,0,F M S,Napoli,11,11.04879554733634,18.90437138825655,5.182013189420104
22,9018,M&#039;Bala Nzola,25,1900,11,9.377023961395025,3,2.414638429880142,45,22,5,0,F S,Spezia,7,6.331816848367453,10.097772940993309,2.7920549605041742
23,677,Jordan Veretout,29,2086,10,8.361261988058686,2,2.954237589612603,40,26,4,0,M S,Roma,5,4.554849689826369,16.558305056765676,11.905254216864705
24,2252,Borja Mayoral,31,1544,10,7.8143330831080675,2,2.1106697311624885,39,23,1,0,F M S,Roma,10,7.8143330831080675,11.527097957208753,3.751207012683153
25,5322,Victor Osimhen,24,1576,10,10.599772159010172,3,3.314269984140992,66,25,4,0,F S,Napoli,10,10.599772159010172,13.79454967007041,2.8872859347611666
26,1145,Rodrigo de Paul,36,3206,9,6.263157455250621,9,11.695030769333243,82,81,3,2,M,Udinese,6,3.9792607417330146,18.211168073117733,9.88392847403884
27,1219,Luis Alberto,34,2663,9,5.537304882891476,2,6.699439015239477,69,80,5,0,M S,Lazio,9,5.537304882891476,18.11697791516781,8.427638104185462
28,1384,Dries Mertens,29,1466,9,6.031678792089224,8,4.320109793916345,55,36,2,0,F M S,Napoli,9,6.031678792089224,10.975778864696622,2.574724449776113
29,1433,Federico Chiesa,33,2508,9,8.401895843446255,9,9.079392608255148,70,50,3,1,D M S,"Fiorentina,Juventus",9,8.401895843446255,23.509388096630573,9.355968836694956
30,1473,Matteo Politano,37,1913,9,6.307763260789216,4,3.7205112259835005,62,35,3,0,F M S,Napoli,9,6.307763260789216,14.58571157976985,6.681769190356135
31,1810,Roberto Soriano,37,3261,9,6.679310718551278,6,7.547535768710077,60,52,5,0,F M,Bologna,9,6.679310718551278,19.725747913122177,9.21768607571721
32,8838,Junior Messias,36,3224,9,7.3645386369898915,4,3.2035243678838015,99,32,6,0,F M,Crotone,9,7.3645386369898915,14.380892310291529,6.588677299208939
33,1136,Gianluca Lapadula,37,2596,8,10.252227053046227,2,3.799660637974739,75,33,2,0,F S,Benevento,8,9.490927085280418,11.750601025298238,2.0247275214642286
34,1386,Piotr Zielinski,36,2581,8,4.938674632459879,10,5.9738557785749435,60,57,2,0,F M S,Napoli,8,4.938674632459879,16.862526213750243,9.26235074736178
35,1809,Joaquín Correa,28,1948,8,7.407993957400322,3,2.480826696380973,54,29,1,1,F S,Lazio,7,6.646694764494896,11.752033956348896,4.3654506504535675
36,2116,Felipe Caicedo,25,915,8,5.328444968909025,0,0.7250625928863883,31,12,5,0,F S,Lazio,7,4.5671459548175335,6.085480037145317,1.3111920934170485
37,5954,Eldor Shomurodov,31,1669,8,6.090611331164837,1,2.315660437569022,38,20,1,0,F S,Genoa,8,6.090611331164837,10.61933689378202,2.4501017909497023
38,6253,Gianluca Scamacca,26,1345,8,7.83327073790133,2,2.8650350645184517,47,16,1,0,F S,Genoa,6,6.310677686706185,8.873398074880242,1.4219378009438515
39,6512,Musa Barrow,38,2946,8,8.407222962938249,8,6.859124674461782,88,60,0,0,F M S,Bologna,8,7.64592198189348,16.327475416474044,7.666678353212774
40,7947,Ruslan Malinovskiy,36,1896,8,5.490409208461642,12,10.381323421373963,67,80,3,0,F M S,Atalanta,7,4.7291102316230536,20.156991505995393,9.691354820504785
41,498,Alexis Sánchez,30,1123,7,6.588534377515316,6,5.59819058328867,29,34,0,0,F S,Inter,7,5.827235363423824,16.030757311731577,7.971683237701654
42,1115,Goran Pandev,29,1400,7,4.141152777709067,3,1.4017750984057784,20,14,5,0,F M S,Genoa,6,3.379853763617575,9.656091925688088,5.691982208751142
43,1123,Juraj Kucka,28,2354,7,7.063274152576923,2,2.2346356976777315,60,16,8,0,F M,Parma Calcio 1913,3,4.018117329105735,10.171617133542895,5.765551977790892
44,1210,Keita,25,1194,7,6.294309515506029,1,2.726678811945021,44,21,4,1,F S,Sampdoria,7,6.294309515506029,6.939057592302561,0.8689169967547059
45,1253,Edin Dzeko,27,1838,7,14.253499465063214,3,2.3740068804472685,70,29,2,0,F S,Roma,7,13.492205517366529,17.418258173391223,5.702211110852659
46,1471,Lorenzo Pellegrini,34,2623,7,6.7063333773985505,6,7.6751467967405915,70,65,10,0,M S,Roma,6,5.945034050382674,17.72012377716601,9.433377949520946
47,1543,Sergej Milinkovic-Savic,32,2768,7,6.003302904777229,10,6.28231512196362,63,43,4,0,M,Lazio,7,6.003302904777229,17.171504098922014,10.463235314935446
48,2547,Theo Hernández,33,2940,7,4.4323344407603145,5,5.139628290198743,48,42,9,0,D,AC Milan,7,4.4323344407603145,16.0541213452816,10.365893311798573
49,5197,Achraf Hakimi,37,2674,7,5.093554675579071,8,6.444577060639858,38,36,6,0,D M S,Inter,7,5.093554675579071,19.710310012102127,12.573804906569421
50,5509,Hernani,33,2217,7,3.11644056905061,3,2.4527109218761325,34,35,11,0,M S,Parma Calcio 1913,6,2.355222557671368,6.408898362889886,3.3981324899941683
51,6160,Riccardo Orsolini,34,1760,7,9.021925428882241,3,2.5082908952608705,57,29,0,0,D M S,Bologna,4,6.738027343526483,10.936943737789989,4.4316063560545444
52,6208,Antonin Barak,34,2772,7,6.939900955185294,3,2.3276712554506958,45,25,5,1,M S,Verona,7,6.939900955185294,14.47981461044401,8.049542428925633
53,1102,Giovanni Simeone,33,1740,6,7.202349599450827,2,1.122184993699193,43,12,1,0,F S,Cagliari,6,7.202349599450827,9.939096646383405,2.4762552259489894
54,1134,Mario Pasalic,25,1100,6,4.457328483462334,2,2.9972587060183287,20,17,2,0,M S,Atalanta,6,4.457328483462334,12.333184733986855,5.933030029758811
55,1146,Jakub Jankto,35,2439,6,4.878390181809664,3,3.0332721695303917,39,30,6,0,M S,Sampdoria,6,4.878390181809664,9.964052433148026,2.9056189227849245
56,1426,Josip Ilicic,28,1527,6,5.751953495666385,9,10.865014793351293,59,61,2,0,F M S,Atalanta,4,4.229354513809085,17.907463811337948,7.254041992127895
57,1642,Simone Zaza,29,1472,6,8.159378856420517,0,1.5617382042109966,57,13,4,0,F S,Torino,6,8.159378856420517,9.990721918642521,2.0982296764850616
58,1958,Mattia Zaccagni,36,2656,6,4.10516794025898,5,5.839979680255055,31,38,6,0,F M S,Verona,5,3.3439089208841324,15.248100034892559,8.215989906340837
59,2044,Daniele Verde,21,992,6,3.33925043605268,1,2.113800160586834,33,10,0,0,F S,Spezia,6,3.33925043605268,5.935439515858889,1.1191163156181574
60,7193,Rafael Leão,30,1938,6,7.025988154113293,6,4.885734288021922,43,27,5,0,F M S,AC Milan,6,7.025988154113293,13.913312271237373,3.8281389120966196
61,7500,Giacomo Raspadori,27,1224,6,5.0938725695014,0,2.2942051123827696,24,26,1,0,F M S,Sassuolo,6,5.0938725695014,8.898129384964705,2.2428418155759573
62,8912,Tommaso Pobega,20,1269,6,3.648391418159008,0,0.3380106948316097,22,7,6,0,M S,Spezia,6,3.648391418159008,4.250079611316323,1.531327173113823
63,687,Pedro,27,1607,5,4.9878742238506675,2,3.377940976060927,43,28,3,1,M S,Roma,5,4.9878742238506675,12.265277098864317,5.152060678228736
64,1170,Gianluca Caprari,30,1900,5,3.830051892437041,6,2.4633004097267985,48,34,4,1,F M S,Benevento,5,3.068753474391997,6.256533586420119,2.5983725199475884
65,1233,Filip Djuricic,32,2127,5,6.798062631860375,4,6.2516029588878155,55,55,5,0,F M S,Sassuolo,4,6.036763453856111,14.89578978344798,5.054373069666326
66,1324,Federico Dimarco,35,2615,5,2.5549236154183745,3,7.502207271754742,37,74,6,0,D S,Verona,5,2.5549236154183745,12.582638887688518,8.589487260207534
67,1517,Antonio Candreva,35,2517,5,4.781779181212187,8,6.037712033838034,57,62,1,0,F M S,Sampdoria,3,3.2591808922588825,9.038150943815708,4.0056504886597395
68,1518,Rodrigo Palacio,36,2508,5,9.866799197159708,5,5.065782814286649,54,40,5,0,F M S,Bologna,5,9.866799197159708,20.14633353985846,8.023169688880444
69,1723,Roberto Pereyra,34,2949,5,4.137736218981445,7,4.314293311908841,28,45,8,0,F M,Udinese,4,3.376437204889953,13.599071718752384,6.8789234440773726
70,1943,Gervinho,27,2040,5,3.7145403921604156,1,2.328022202476859,32,27,0,0,F M S,Parma Calcio 1913,5,3.7145403921604156,8.166109718382359,2.5966923013329506
71,2217,Antonio Sanabria,14,986,5,3.2682825066149235,1,0.5611242149025202,20,7,2,0,F S,Torino,5,3.2682825066149235,4.622518370859325,1.4414495080709457
72,5360,Weston McKennie,34,1684,5,5.1992762088775635,2,3.8772406643256545,28,26,5,0,M S,Juventus,5,5.1992762088775635,11.353354293853045,5.908968903124332
73,6196,Nicolas Viola,17,1042,5,3.5975695084780455,3,1.3177132904529572,18,18,0,0,M S,Benevento,1,0.5523735973984003,2.3270148001611233,1.4371164590120316
74,6960,Bremer,33,2939,5,2.9508720077574253,0,0.3044275064021349,26,7,2,0,D,Torino,5,2.9508720077574253,7.469131730496883,7.022392526268959
75,6974,Mattias Svanberg,34,1878,5,5.155924974009395,2,2.7285462841391563,58,15,6,1,M S,Bologna,5,5.155924974009395,9.55172082502395,4.71785066369921
76,6986,Hamed Junior Traore,35,1786,5,4.421587694436312,2,3.8875071285292506,42,34,6,0,F M S,Sassuolo,5,4.421587694436312,10.889404751360416,4.612817836925387
77,7375,Roberto Piccoli,20,693,5,5.036983218044043,0,0.5007428098469973,15,3,0,0,F S,Spezia,5,5.036983218044043,6.209609758108854,0.6718840301036835
78,7909,Gaetano Castrovilli,34,2365,5,3.17262190207839,3,2.2587478943169117,32,17,8,1,M S,Fiorentina,5,3.17262190207839,11.659945970401168,7.3399095851928
79,189,Hakan Calhanoglu,33,2641,4,4.757033037021756,9,8.855918440967798,84,97,4,0,M S,AC Milan,3,3.995734015479684,15.453610148280859,9.75307017378509
80,448,Ivan Perisic,32,1799,4,4.947721632197499,4,4.212210667319596,36,29,3,0,D F M S,Inter,4,4.947721632197499,12.467628818005323,4.807820035144687
81,1104,Leonardo Pavoletti,33,1576,4,7.449656173586845,3,1.4201166052371264,44,12,8,0,F S,Cagliari,4,7.449656173586845,8.04011956974864,1.02244539745152
82,1122,Manuel Locatelli,34,2887,4,3.4977542236447334,2,3.2309505101293325,42,37,9,0,M S,Sassuolo,2,1.9751562979072332,14.7618638407439,11.357735937461257
83,1178,Davide Zappacosta,25,2050,4,2.590171592310071,2,1.2276654206216335,41,12,3,0,D S,Genoa,4,2.590171592310071,7.9104263335466385,4.554353255778551
84,1294,Paulo Dybala,20,1131,4,4.798610061407089,3,3.1582965375855565,51,30,0,0,F S,Juventus,4,4.798610061407089,12.577648527920246,6.718404222279787
85,1406,Marco Sau,24,765,4,2.311332104727626,2,1.4944302886724472,11,19,1,1,F M S,Benevento,3,1.550114093348384,2.2915192218497396,0.4940705019980669
86,1491,Alejandro Gomez,10,676,4,2.7268915865570307,2,1.6215687803924084,29,19,0,0,F M S,Atalanta,4,2.7268915865570307,6.293661892414093,3.8219358026981354
87,1492,Jasmin Kurtic,34,2757,4,3.8416108563542366,0,2.576440706849098,35,23,5,0,M S,Parma Calcio 1913,4,3.8416108563542366,9.856576822698116,5.95142113417387
88,1493,Andrea Petagna,26,944,4,4.297945894300938,3,3.2201106175780296,24,26,0,0,F S,Napoli,4,4.297945894300938,8.296622335910797,1.9273562766611576
89,1605,Diego Farias,29,1500,4,2.98711727373302,2,4.02491994574666,32,32,5,0,F S,Spezia,4,2.98711727373302,8.71684094145894,3.8149530608206987
90,1763,Stefano Okaka,22,1494,4,4.292408408597112,1,0.637026397511363,24,9,2,0,F S,Udinese,4,4.292408408597112,4.708408045582473,1.42727829515934
91,1903,Kevin Lasagna,36,2372,4,11.374926904216409,1,3.2676928713917732,72,25,1,0,F M S,"Udinese,Verona",4,11.374926904216409,15.326310425065458,1.6668746955692768
92,2711,Aleksey Miranchuk,25,641,4,1.58031090721488,2,2.1162484996020794,15,14,0,0,M S,Atalanta,4,1.58031090721488,7.139651561155915,4.501211099326611
93,3259,Adam Ounas,22,1531,4,3.41816533356905,3,4.257230121642351,31,28,1,0,F M S,"Cagliari,Crotone",4,3.41816533356905,9.250545926392078,2.6765753915533423
94,3291,Adrien Rabiot,34,2310,4,2.824279290623963,2,1.7733165388926864,33,10,5,1,M S,Juventus,4,2.824279290623963,13.158003605902195,9.66641240566969
95,3544,Jeremie Boga,27,1785,4,4.477025544270873,2,1.1497488226741552,32,11,0,0,M S,Sassuolo,4,4.477025544270873,7.505355596542358,2.8865710580721498
96,3978,Marco Faraoni,34,2902,4,3.4973345026373863,7,4.374068378470838,34,22,8,0,D S,Verona,4,3.4973345026373863,11.301356786862016,6.568547377362847
97,6159,Gianluca Mancini,33,2857,4,2.6674883365631104,2,1.011853993870318,28,8,10,0,D,Roma,4,2.6674883365631104,11.487871080636978,10.009991316124797
98,6421,Brahim Diaz,27,1254,4,3.5914513990283012,3,1.371114811860025,26,19,2,0,M S,AC Milan,4,3.5914513990283012,6.498391459695995,3.060224969871342
99,6517,Charalampos Lykogiannis,31,2447,4,1.856371020898223,2,1.2530355658382177,28,13,6,2,D M S,Cagliari,4,1.856371020898223,7.418601369485259,5.596150033175945
100,6691,Dejan Kulusevski,35,1917,4,3.334407329559326,3,6.333947457373142,34,52,7,0,D F M S,Juventus,4,3.334407329559326,16.382541242986917,8.5699807330966
101,8913,Emmanuel Gyasi,37,2869,4,5.1168184243142605,6,4.33998222835362,29,28,4,0,F S,Spezia,4,5.1168184243142605,12.612692832946777,4.7773666102439165
102,557,Matteo Darmian,29,1364,3,1.5930009987205267,3,1.0115788020193577,9,12,5,0,D M S,"Inter,Parma Calcio 1913",3,1.5930009987205267,4.924569606781006,3.017340525984764
103,646,Christian Eriksen,26,1401,3,1.1810329062864184,0,2.388552320189774,29,30,1,0,M S,Inter,3,1.1810329062864184,8.246589144691825,6.635258220136166
104,1106,Darko Lazovic,32,2504,3,3.1488935258239508,6,5.400699524208903,33,34,3,0,D M S,Verona,3,3.1488935258239508,13.290364865213633,7.499547304585576
105,1121,Giacomo Bonaventura,34,2288,3,2.934243282303214,2,3.2226448114961386,44,24,5,0,M S,Fiorentina,3,2.934243282303214,8.71834739483893,4.811996717937291
106,1223,Milan Skriniar,32,2782,3,2.330421901308,0,0.5906465966254473,15,9,1,0,D S,Inter,3,2.330421901308,14.714335069060326,14.53000407665968
107,1383,Manolo Gabbiadini,16,879,3,2.6930760983377695,2,1.7783847842365503,29,11,1,0,F S,Sampdoria,2,1.93185811676085,5.177684051916003,1.998592121526599
108,1409,Nicolò Barella,36,2912,3,2.443391202017665,7,5.978035720065236,36,47,5,0,M S,Inter,3,2.443391202017665,21.87855652719736,16.56250900030136
109,1468,Gregoire Defrel,28,1340,3,2.3216728372499347,3,1.0106607005000114,22,19,1,0,F M S,Sassuolo,3,2.3216728372499347,6.303595399484038,3.7277060942724347
110,1496,Roberto Gagliardini,28,1225,3,1.2104500085115433,2,1.8919878834858537,17,8,2,0,M S,Inter,3,1.2104500085115433,7.053184477612376,4.390997890383005
111,1523,Danilo D&#039;Ambrosio,19,679,3,1.9678721204400063,0,0.20128939673304558,8,3,2,0,D S,Inter,3,1.9678721204400063,2.5919086262583733,2.3840271309018135
112,1537,Sasa Lukic,32,2116,3,1.9488348923623562,0,1.265929302200675,19,23,4,0,M S,Torino,3,1.9488348923623562,5.519555784761906,3.236969107761979
113,1569,Valerio Verre,27,994,3,2.1093882024288177,3,1.845645722001791,24,19,3,0,M S,Sampdoria,3,2.1093882024288177,6.0580498073250055,2.7010034956038
114,1577,Marko Pjaca,35,1409,3,2.8198557626456022,2,2.1108866864815354,29,14,0,0,F M S,Genoa,3,2.8198557626456022,6.316301337443292,2.090122868306935
115,1972,Gaetano Letizia,24,1567,3,0.4204477947205305,1,1.2012773863971233,13,14,2,0,D S,Benevento,3,0.4204477947205305,3.6646606102585793,2.8229006938636303
116,2053,Martin Erlic,27,1786,3,1.4483483592048287,1,0.48531201481819153,9,1,6,0,D S,Spezia,3,1.4483483592048287,2.894431544467807,2.883175542578101
117,2447,Fabián,33,2577,3,2.5515005122870207,1,1.8275385983288288,43,40,1,0,M S,Napoli,3,2.5515005122870207,16.61090026050806,13.181257657706738
118,3821,Rolando Mandragora,27,1917,3,3.44558587949723,1,0.5977573031559587,35,19,3,1,M S,"Torino,Udinese",3,3.44558587949723,7.9884036015719175,4.565365490503609
119,4348,Tolgay Arslan,30,1861,3,0.9118159711360931,0,0.5380894970148802,22,9,9,0,M S,Udinese,3,0.9118159711360931,5.48398669809103,4.289577286690474
120,6174,Nikola Milenkovic,34,3038,3,3.9402421843260527,1,0.6531150862574577,22,7,7,1,D,Fiorentina,3,3.9402421843260527,8.420009296387434,6.181351875886321
121,6201,Andrej Galabinov,12,411,3,2.9641175493597984,1,0.24163099378347397,8,3,0,0,F S,Spezia,3,2.2028185352683067,2.775692030787468,0.4455863004550338
122,6978,Giovanni Di Lorenzo,36,3240,3,4.016951826401055,6,5.703631058335304,28,49,11,0,D,Napoli,3,4.016951826401055,18.725212382152677,14.58433054573834
123,6997,Ignacio Pussetto,11,761,3,2.382127633318305,1,1.0900541935116053,17,8,2,0,F S,Udinese,3,2.382127633318305,3.6208870448172092,1.350266084074974
124,7939,Morten Thorsby,33,2647,3,2.763800813816488,1,1.0206927522085607,22,18,10,0,M S,Sampdoria,3,2.763800813816488,6.600823299959302,4.00522723980248
125,8856,Razvan Marin,37,2995,3,1.3309969920665026,6,3.8396775145083666,27,68,6,0,M S,Cagliari,3,1.3309969920665026,9.81831965688616,7.3142979657277465
126,8944,Giulio Maggiore,33,2231,3,5.055751647800207,1,1.8861123118549585,40,13,3,0,M S,Spezia,3,5.055751647800207,9.435792101547122,4.309062648564577
127,9226,Mihai Valentin Mihaila,16,679,3,2.942352283746004,0,0.35443119145929813,19,7,2,0,F S,Parma Calcio 1913,3,2.942352283746004,4.353971146047115,1.1078733913600445
128,3,Luca Caldirola,25,1560,2,0.5324266981333494,0,0.15763569995760918,7,6,3,1,D S,Benevento,2,0.5324266981333494,2.1501892283558846,2.0367876263335347
129,329,Franck Ribéry,29,2195,2,2.8616734594106674,6,5.521398767828941,21,35,6,1,F M S,Fiorentina,2,2.8616734594106674,12.207909174263477,5.99220235273242
130,411,Albin Ekdal,32,2301,2,0.8595555052161217,1,0.97035978641361,14,11,9,0,M S,Sampdoria,2,0.8595555052161217,4.922457981854677,3.854887969791889
131,504,Aaron Ramsey,22,1105,2,4.6512732077389956,4,3.7844073846936226,24,31,2,0,M S,Juventus,2,4.6512732077389956,12.456481852568686,4.7835573786869645
132,1089,Juan Cuadrado,30,2185,2,2.4506933353841305,10,9.995604634284973,19,60,9,1,D M S,Juventus,1,1.6893945131450891,17.964841064065695,13.35302550252527
133,1096,Armando Izzo,25,2025,2,0.8309765970334411,0,0.17215099930763245,14,3,3,0,D S,Torino,2,0.8309765970334411,4.837528046220541,4.579219114035368
134,1098,Miguel Veloso,21,1312,2,1.782979435287416,2,0.6269579064100981,12,11,1,0,M S,Verona,0,0.26038140151649714,5.0719476118683815,4.508938180282712
135,1193,Lorenzo De Silvestri,29,2160,2,2.058621011674404,0,0.7418593307957053,11,13,4,0,D S,Bologna,2,2.058621011674404,6.316065266728401,5.46388640627265
136,1272,Ilija Nestorovski,22,666,2,5.143586440011859,2,1.8310516877099872,25,14,1,0,F S,Udinese,2,5.143586440011859,6.923712877556682,0.8404390029609203
137,1287,Leonardo Bonucci,26,2037,2,3.6459212489426136,0,0.8696580231189728,16,3,3,0,D S,Juventus,2,3.6459212489426136,8.378458887338638,8.037177786231041
138,1289,Alex Sandro,26,1857,2,1.7777638845145702,1,2.1029498018324375,13,18,2,0,D S,Juventus,2,1.7777638845145702,13.927043695002794,11.550258632749319
139,1313,Riccardo Saponara,11,444,2,1.1849266961216927,0,0.7230107113718987,10,5,0,1,F M S,"Fiorentina,Spezia",2,1.1849266961216927,2.5703591853380203,0.8427336812019348
140,1395,Vlad Chiriches,24,1859,2,0.9795929994434118,1,0.44063880294561386,12,8,6,0,D S,Sassuolo,2,0.9795929994434118,7.564029302448034,7.193960668519139
141,1425,Nikola Kalinic,19,1077,2,4.222124848514795,0,0.4376765005290508,24,9,2,0,F S,Verona,2,4.222124848514795,6.133591469377279,1.9457604084163904
142,1484,Rafael Toloi,31,2542,2,3.2922427598387003,0,0.8902786076068878,29,15,10,0,D S,Atalanta,2,3.2922427598387003,12.477381654083729,10.51220804080367
143,1488,Remo Freuler,34,2726,2,2.0107771046459675,3,3.9535092376172543,20,30,5,0,M S,Atalanta,2,2.0107771046459675,16.836236514151096,13.417573034763336
144,1500,Leonardo Spinazzola,27,2137,2,2.1796333799138665,4,6.562453407794237,22,37,0,0,D S,Roma,2,2.1796333799138665,14.653732663020492,6.960794975981116
145,1511,Marcelo Brozovic,33,2592,2,1.047651493921876,6,4.67588902823627,25,44,7,1,M S,Inter,2,1.047651493921876,17.032296732068062,14.762919157743454
146,1574,Davide Calabria,32,2652,2,1.9455424072220922,1,1.7728251907974482,24,21,7,0,D M S,AC Milan,2,1.9455424072220922,8.915329018607736,5.882050048559904
147,1604,Artur Ionita,36,2861,2,1.4822782259434462,0,0.8480780068784952,23,14,6,0,F M S,Benevento,2,1.4822782259434462,4.376633610576391,3.2159969890490174
148,1617,Roberto Insigne,30,1598,2,3.687783249653876,4,3.8503976045176387,39,40,2,0,F M S,Benevento,2,3.687783249653876,9.603484109044075,3.02728371322155
149,1800,Kamil Glik,36,3208,2,3.273077243939042,1,0.3577795997262001,28,4,7,1,D,Benevento,2,3.273077243939042,4.954514551907778,4.544665501452982
150,1826,Nicola Sansone,26,1163,2,4.247087912634015,2,2.5972266867756844,31,31,2,0,M S,Bologna,2,4.247087912634015,7.998279295861721,2.360999494791031
151,1896,Riccardo Gagliolo,28,1953,2,3.4122065436095,2,0.923083808273077,19,17,6,0,D S,Parma Calcio 1913,2,3.4122065436095,5.224198034033179,3.52014053799212
152,1942,Martín Cáceres,29,2241,2,1.8278060741722584,2,1.1568307830020785,15,10,4,0,D S,Fiorentina,2,1.8278060741722584,6.779382515698671,5.810165422037244
153,1997,Andrea Favilli,11,330,2,1.8720825016498566,0,0.1120309978723526,13,2,1,0,F S,Verona,2,1.8720825016498566,2.8343565613031387,0.951764915138483
154,2019,Federico Bonazzoli,22,661,2,1.7117889979854226,3,1.351937455125153,25,5,2,0,F S,"Sampdoria,Torino",2,1.7117889979854226,5.035987609066069,2.4764385148882866
155,3429,Tiemoué Bakayoko,32,1985,2,1.3997347811236978,1,0.7084052842110395,16,11,4,1,M S,Napoli,2,1.3997347811236978,8.17393697425723,7.875646879896522
156,3515,Valentin Eysseric,16,715,2,1.5534684099256992,0,0.8687177021056414,13,8,2,0,M S,Fiorentina,2,1.5534684099256992,2.502117373049259,1.034907728433609
157,3772,Maxime Lopez,29,1876,2,1.568635893985629,0,1.0829927828162909,10,20,7,0,M S,Sassuolo,2,1.568635893985629,9.204742707312107,7.809499295428395
158,4941,Hans Hateboer,22,1769,2,3.947500222362578,1,1.6636190991848707,27,20,3,0,D M S,Atalanta,2,3.947500222362578,16.0897221788764,11.722097210586071
159,5246,Diego Demme,24,1606,2,1.419318387284875,3,2.165497714653611,14,20,6,0,M S,Napoli,2,1.419318387284875,10.83776898123324,8.236274916678667
160,5700,Yann Karamoh,24,1313,2,4.817763242870569,1,1.6867865743115544,22,15,3,0,F M S,Parma Calcio 1913,2,4.817763242870569,8.143271040171385,2.2093026749789715
161,6176,Adam Marusic,36,2963,2,2.1827358547598124,3,1.7551478734239936,27,29,2,0,D S,Lazio,2,2.1827358547598124,12.361074641346931,9.413670372217894
162,6180,Manuel Lazzari,32,2627,2,2.2203272320330143,5,3.436184659600258,24,28,2,1,D S,Lazio,2,2.2203272320330143,12.539717439562082,7.618224423378706
163,6203,Eddie Salcedo,21,746,2,3.781548044644296,0,0.352080998942256,22,5,3,0,F M S,Verona,2,3.781548044644296,3.8903852878138423,0.7474130932241678
164,6262,Jens Stryger Larsen,33,2657,2,3.6712827486917377,0,1.1915196999907494,23,10,0,0,D M S,Udinese,2,3.6712827486917377,7.99351089913398,4.437161326408386
165,6672,Riccardo Sottil,21,1184,2,1.3929962888360023,1,1.854310704395175,24,16,3,0,F M S,Cagliari,2,1.3929962888360023,4.750057179480791,1.7706769164651632
166,7013,Matteo Pessina,28,1667,2,2.494797609746456,2,2.9365962110459805,22,27,2,0,M S,Atalanta,2,2.494797609746456,13.3569112746045,8.992734367959201
167,7014,Arkadiusz Reca,30,2324,2,1.215120560489595,3,2.7286526253446937,30,27,7,0,D S,Crotone,2,1.215120560489595,5.255812922492623,2.4055885430425406
168,7096,Omar Colley,29,2591,2,1.4386971294879913,0,0.08331959787756205,12,2,6,0,D S,Sampdoria,2,1.4386971294879913,4.171581226401031,4.117732426151633
169,7218,Cristian Romero,31,2552,2,1.3579449690878391,2,0.843623697757721,14,9,10,0,D S,Atalanta,2,1.3579449690878391,11.660820599645376,10.999850563704967
170,7609,Carles Pérez,21,742,2,2.882694434374571,1,1.297594577074051,23,15,0,0,F M S,Roma,2,2.882694434374571,5.875416722148657,2.460090836510062
171,7912,Eljif Elmas,33,683,2,1.897449068725109,1,0.44290410727262497,14,11,2,0,M S,Napoli,2,1.897449068725109,5.030241088941693,2.8958823308348656
172,7931,Takehiro Tomiyasu,31,2721,2,2.285686256363988,0,0.43029759638011456,16,8,4,0,D,Bologna,2,2.285686256363988,8.129145577549934,7.272032214328647
173,7934,Andreas Skov Olsen,26,1170,2,3.8567912625148892,2,2.0574786365032196,30,19,1,0,D M S,Bologna,2,3.8567912625148892,7.769135056063533,2.634306313470006
174,7953,Nahitan Nández,32,2747,2,3.0945187332108617,2,2.6288713170215487,32,30,8,1,D M S,Cagliari,2,3.0945187332108617,12.315670803189278,7.109253984875977
175,8289,Gastón Pereiro,15,249,2,2.6935748644173145,2,1.2093717157840729,14,8,0,0,M S,Cagliari,2,2.6935748644173145,3.6499935388565063,1.1782001238316298
176,8297,Alexis Saelemaekers,32,2065,2,3.0029871268197894,4,3.179093863815069,28,30,5,1,D M S,AC Milan,2,3.0029871268197894,12.024500304833055,6.440721970051527
177,8607,Adolfo Gaich,15,771,2,2.716556226834655,0,0.42562589421868324,24,5,1,0,F S,Benevento,2,2.716556226834655,2.5296220928430557,0.15403790026903152
178,8819,Mergim Vojvoda,24,1360,2,1.1738278046250343,2,0.8382813092321157,6,8,4,0,D M S,Torino,2,1.1738278046250343,3.858354961499572,2.3816215228289366
179,8828,Ivan Ilic,29,1826,2,1.8746882807463408,0,0.5437297997996211,12,16,2,0,M S,Verona,2,1.8746882807463408,9.12428155168891,7.175515897572041
180,8837,Vladimir Golemic,30,2331,2,1.2727310145273805,0,0.5185423018410802,6,6,4,1,D S,Crotone,1,0.5114320004358888,3.3588834954425693,3.269180097617209
181,8859,Mikkel Damsgaard,35,1773,2,3.343836505897343,4,2.121301726438105,25,25,3,0,D F M S,Sampdoria,2,3.343836505897343,7.305473066866398,3.9241935685276985
182,8870,Sam Lammers,15,269,2,1.383544459939003,0,0.38667021319270134,9,4,0,0,F S,Atalanta,2,1.383544459939003,3.308031089603901,2.372387921437621
183,8963,Nahuel Molina,29,1808,2,1.2219682047143579,5,2.699252560734749,16,22,1,0,D S,Udinese,2,1.2219682047143579,8.575319174677134,5.599302962422371
184,8974,Jens Petter Hauge,18,498,2,1.0031971856951714,0,1.320996379479766,7,11,0,0,M S,AC Milan,2,1.0031971856951714,3.3493784610182047,1.1419341955333948
185,9303,Dennis Man,14,695,2,2.359842808917165,1,0.4924683850258589,19,5,1,0,F M S,Parma Calcio 1913,2,2.359842808917165,4.86066816188395,2.3481677770614624
186,222,Arturo Vidal,23,1136,1,2.7572390288114548,1,0.8976629767566919,21,11,3,0,M S,Inter,1,2.7572390288114548,10.247399598360062,7.888573437929153
187,591,Gerard Deulofeu,13,593,1,1.4934396520256996,1,0.8400336094200611,17,7,0,0,F M S,Udinese,1,1.4934396520256996,3.5614525750279427,1.3423758037388325
188,631,Ashley Young,26,1435,1,1.52551771979779,4,2.1378756910562515,15,29,4,0,D M S,Inter,1,1.52551771979779,6.41377367079258,4.000718206167221
189,703,Fikayo Tomori,17,1466,1,0.9769397769123316,0,0,5,0,0,0,D S,AC Milan,1,0.9769397769123316,4.998597530648112,4.998597530648112
190,777,Emmanuel Rivière,21,625,1,1.3705002032220364,1,0.6213750019669533,12,5,2,0,F S,Crotone,1,1.3705002032220364,3.704567529261112,2.170122316107154
191,841,Graziano Pellè,13,604,1,1.6020401045680046,2,2.1137641854584217,14,12,1,0,F S,Parma Calcio 1913,1,1.6020401045680046,4.31959318742156,2.2076491825282574
192,845,Maya Yoshida,32,2275,1,1.5374410226941109,2,0.6980122923851013,11,6,5,0,D S,Sampdoria,1,1.5374410226941109,3.833266582340002,3.688500761985779
193,922,Andreas Pereira,26,496,1,0.7673559691756964,2,1.3176194811239839,14,13,5,1,M S,Lazio,1,0.7673559691756964,2.3460544170811772,0.6580513054504991
194,1000,Federico Fazio,6,409,1,0.07194980047643185,0,0.04167120158672333,3,1,2,0,D S,Roma,1,0.07194980047643185,1.0176700204610825,1.0176700204610825
195,1030,Fernando Forestieri,19,532,1,1.6452004807069898,1,1.03226269595325,11,8,1,0,F S,Udinese,1,1.6452004807069898,2.6368389297276735,0.6623281920328736
196,1099,Tomás Rincón,36,2881,1,1.3623398076742887,1,1.781950396951288,22,14,8,1,M S,Torino,1,1.3623398076742887,10.574309207033366,8.185174142941833
197,1117,Andrea Poli,18,376,1,0.962770976126194,0,0.560308906249702,3,6,1,0,M S,Bologna,1,0.962770976126194,1.667701399885118,0.2704366948455572
198,1119,Alessio Romagnoli,22,1905,1,2.8769351448863745,1,0.9673002753406763,15,3,7,0,D S,AC Milan,1,2.8769351448863745,3.9543325304985046,3.9300225228071213
199,1142,Samir,30,2210,1,1.3209124691784382,0,0.894023691304028,11,9,6,0,D S,Udinese,1,1.3209124691784382,7.315221656113863,6.5204234048724174
200,1164,Cristiano Biraghi,35,2821,1,1.8023664923384786,5,6.5923343654721975,26,49,8,0,D S,Fiorentina,1,1.8023664923384786,10.244553415104747,6.0561589282006025
201,1165,Gastón Brugman,26,1634,1,0.9818943440914154,1,2.6005174797028303,18,26,7,0,M S,Parma Calcio 1913,1,0.9818943440914154,8.439416551962495,6.687709359452128
202,1168,Bryan Cristante,34,2142,1,2.3669067304581404,3,1.7371876053512096,28,16,8,0,D M S,Roma,1,2.3669067304581404,12.023616772145033,8.874589961022139
203,1185,Iago Falque,11,355,1,0.3678577970713377,1,0.7816795036196709,11,12,0,0,M S,Benevento,1,0.3678577970713377,1.669627197086811,0.8235453991219401
204,1226,Karol Linetty,27,1846,1,1.04666368663311,0,1.1230370812118053,7,15,5,0,M S,Torino,1,1.04666368663311,5.747302250936627,3.7531141247600317
205,1251,Radja Nainggolan,26,1887,1,1.2883627079427242,0,1.735215992666781,51,23,5,0,M S,"Cagliari,Inter",1,1.2883627079427242,8.388334600254893,6.008719939738512
206,1252,Stephan El Shaarawy,10,564,1,1.4402230195701122,1,1.2021809071302414,16,17,1,0,M S,Roma,1,1.4402230195701122,4.652147993445396,2.196975577622652
207,1281,Giuseppe Pezzella,24,1835,1,0.2045850045979023,4,3.4273591786623,7,20,7,0,D S,Parma Calcio 1913,1,0.2045850045979023,7.78886085562408,5.628050120547414
208,1296,Stefano Sturaro,16,872,1,1.0139361824840307,0,0.24921429343521595,6,4,6,0,M S,"Genoa,Verona",1,1.0139361824840307,2.940386552363634,2.023802611976862
209,1301,Daniele Rugani,16,1008,1,0.18430650234222412,1,0.6209089700132608,3,3,2,0,D S,Cagliari,1,0.18430650234222412,2.127025317400694,2.107306217774749
210,1311,Rade Krunic,25,688,1,0.7124357912689447,2,1.2849788051098585,8,8,3,0,M S,AC Milan,1,0.7124357912689447,2.9975263103842735,1.9331392236053944
211,1317,Andrés Tello,17,380,1,0.1986220981925726,0,0.04526279866695404,7,1,2,0,D S,Benevento,1,0.1986220981925726,0.6142909992486238,0.41190270241349936
212,1380,Amadou Diawara,18,646,1,0.9297357946634293,0,0.28547900915145874,7,1,2,1,M S,Roma,1,0.9297357946634293,3.4258932061493397,2.496157217770815
213,1394,Lorenzo Tonelli,23,1787,1,2.1580222602933645,0,0,13,0,11,0,D S,Sampdoria,1,2.1580222602933645,2.523954927921295,2.4647353254258633
214,1399,Bruno Alves,19,1630,1,0.31255886424332857,0,0.11241120100021362,10,2,3,0,D S,Parma Calcio 1913,1,0.31255886424332857,3.2238670513033867,3.2158203814178705
215,1423,Matías Vecino,8,278,1,0.8613553270697594,1,0.7116153985261917,6,4,0,0,M S,Inter,1,0.8613553270697594,2.488170988857746,0.9441120252013206
216,1430,Milan Badelj,30,2419,1,0.7041420871391892,4,3.033674188889563,17,28,7,0,M S,Genoa,1,0.7041420871391892,9.15631151292473,6.086814202368259
217,1445,Simone Verdi,33,1613,1,3.521899113431573,5,4.697265908122063,41,52,6,0,F M S,Torino,1,3.521899113431573,7.206543179228902,2.494845127686858
218,1448,Erick Pulgar,31,1993,1,0.7277325075119734,3,2.100617717951536,16,23,8,0,M S,Fiorentina,1,0.7277325075119734,4.03116973862052,2.9135803394019604
219,1458,Ibrahima Mbaye,8,427,1,0.5738170146942139,0,0.024622399359941483,1,1,2,0,D S,Bologna,1,0.5738170146942139,0.8330504894256592,0.23461000621318817
220,1515,Cristian Ansaldi,31,1929,1,1.74539559148252,6,5.254378778859973,18,35,1,0,D M S,Torino,0,0.984096996486187,6.657869837246835,3.2433235216885805
221,1541,Stefan de Vrij,32,2730,1,0.7699216064065695,0,0.25116209872066975,12,6,2,0,D S,Inter,1,0.7699216064065695,16.09696774557233,16.00625865533948
222,1567,Bruno Peres,30,1402,1,1.247768897563219,2,4.322921263054013,12,28,6,0,D M S,Roma,1,1.247768897563219,9.766240935772657,6.725256685167551
223,1710,Marten de Roon,35,3021,1,0.600591354072094,1,1.1421154122799635,17,19,8,1,M S,Atalanta,1,0.600591354072094,17.313041349872947,16.0276180524379
224,1728,Fernando Llorente,17,762,1,1.8734220936894417,0,0.5758714936673641,13,12,2,0,F S,"Napoli,Udinese",1,1.8734220936894417,3.407828811556101,1.5666658524423838
225,2143,Germán Pezzella,32,2749,1,1.2327898098155856,0,0.683429317548871,16,3,5,0,D,Fiorentina,1,1.2327898098155856,3.220572531223297,3.1588817313313484
226,2244,Danilo,34,2922,1,1.8335020011290908,4,3.413798311725259,19,25,6,0,D M S,Juventus,1,1.8335020011290908,19.305436512455344,16.050811333581805
227,2264,Diego Godín,28,2512,1,0.37258401326835155,0,0.9031310770660639,11,7,3,0,D,Cagliari,1,0.37258401326835155,5.613554682582617,5.5643537156283855
228,2303,Samu Castillejo,28,1154,1,2.6576890870928764,0,0.8965471852570772,25,10,5,0,M S,AC Milan,1,2.6576890870928764,5.59050740301609,2.6902942564338446
229,2437,Gonzalo Escalante,24,707,1,1.0710199316963553,1,0.37517969496548176,8,2,5,0,M S,Lazio,1,1.0710199316963553,2.286289713345468,1.3735252879559994
230,3065,Domenico Criscito,23,1722,1,0.8687943164259195,0,0.4925195053219795,6,6,6,0,D S,Genoa,0,0.10749530233442783,4.235410718247294,3.8842790983617306
231,3356,Adama Soumaoro,20,1752,1,1.278953162021935,0,0.03981267986819148,8,3,4,0,D S,Bologna,1,1.278953162021935,6.395035202614963,5.640587532427162
232,3387,Nicolas N&#039;Koulou,18,1363,1,0.6929326876997948,0,0.069217499345541,3,2,5,0,D S,Torino,1,0.6929326876997948,2.5510990656912327,2.5334450639784336
233,3550,Koffi Djidji,20,1517,1,0.35376428812742233,0,0.25519940443336964,4,4,4,0,D S,Crotone,1,0.35376428812742233,3.8973523396998644,3.631722653284669
234,3739,Soualiho Meité,30,1492,1,0.8537727985531092,1,0.8431711932644248,15,13,2,0,M S,"AC Milan,Torino",1,0.8537727985531092,7.524185158312321,6.331333534792066
235,3842,Claudio Terzi,25,1880,1,0.6255325106903911,1,0.7235097866505384,5,5,7,1,D S,Spezia,1,0.6255325106903911,3.1826001396402717,2.8888578368350863
236,3989,Salvatore Molina,29,2336,1,0.756824592128396,4,2.424864591099322,15,25,1,0,D M S,Crotone,1,0.756824592128396,6.511597356759012,4.643257914111018
237,4733,José Luis Palomino,36,2413,1,0.2742485976777971,2,1.120695799589157,5,8,3,0,D S,Atalanta,1,0.2742485976777971,8.496524963527918,7.404299661517143
238,4895,Andrea Pinamonti,8,162,1,0.6968963071703911,0,0.05861409939825535,4,2,0,0,F S,Inter,1,0.6968963071703911,1.3502263762056828,0.5947167072445154
239,4906,Alberto Cerri,24,343,1,2.6979602240025997,0,0.4341450948268175,16,6,1,0,F S,Cagliari,1,2.6979602240025997,3.61320823058486,1.2948719020932913
240,4907,Bartosz Bereszynski,31,2602,1,0.16856340132653713,0,0.8436510022729635,3,9,2,0,D S,Sampdoria,1,0.16856340132653713,5.899455839768052,5.2811408545821905
241,4917,Niccolò Zanellato,27,1643,1,0.5922184968367219,1,1.077050899155438,5,10,3,0,M S,Crotone,1,0.5922184968367219,3.410395580343902,2.8344518495723605
242,4937,Miha Zajc,31,1879,1,2.248612191528082,3,2.2976276744157076,19,20,4,0,M S,Genoa,1,2.248612191528082,8.098871659487486,4.747185476124287
243,4943,Emanuel Vignato,31,1180,1,1.5615506153553724,4,3.2943006521090865,23,26,4,0,M S,Bologna,1,1.5615506153553724,7.903249576687813,5.235997525975108
244,5996,Adrien Tameze,33,2334,1,1.4005271373316646,0,1.3312490042299032,18,12,6,0,F M S,Verona,1,1.4005271373316646,6.444780208636075,4.355734622571617
245,6156,Andreas Cornelius,29,1898,1,2.799827801063657,4,3.1750403651967645,30,24,4,0,F M S,Parma Calcio 1913,1,2.799827801063657,6.2580070327967405,1.7902092039585114
246,6182,Pasquale Schiattarella,29,2257,1,0.6014219056814909,1,2.2552980314940214,11,25,13,1,M S,Benevento,1,0.6014219056814909,8.082545510493219,6.711748289875686
247,6206,Bram Nuytinck,20,1645,1,0.46829293947666883,0,0.11466759815812111,4,3,1,0,D S,Udinese,1,0.46829293947666883,2.0252563217654824,1.9577207108959556
248,6303,Marvin Zeegelaar,24,1774,1,1.2140242252498865,0,1.4033572115004063,9,10,6,0,D S,Udinese,1,1.2140242252498865,4.762895875610411,2.8939470034092665
249,6324,Marash Kumbulla,21,1368,1,0.851187301799655,0,0.4616057928651571,6,4,8,0,D S,Roma,1,0.851187301799655,5.459870895370841,5.023548906669021
250,6362,Rick Karsdorp,34,2552,1,1.1770907239988446,6,5.349184602499008,13,26,2,0,D S,Roma,1,1.1770907239988446,15.118667090311646,10.560320269316435
251,6464,Adrien Silva,24,1612,1,0.4733195062726736,1,0.8784739095717669,6,10,6,1,M S,Sampdoria,1,0.4733195062726736,5.02322443574667,3.9297401029616594
252,6806,Rodrigo Becão,35,2787,1,1.8541742395609617,0,0.21603453252464533,10,7,5,0,D S,Udinese,1,1.8541742395609617,6.156187633983791,5.986800102517009
253,6942,Arthur,22,1154,1,0.15511830151081085,0,1.2139267399907112,3,17,3,0,M S,Juventus,1,0.15511830151081085,9.972213067114353,8.813323253765702
254,6973,Nehuén Paz,6,358,1,0.47316619474440813,0,0.013097099959850311,2,1,0,0,D S,Bologna,1,0.47316619474440813,0.24919849913567305,0.23610139917582273
255,7003,Mehdi Bourabia,15,502,1,0.374751104041934,0,0.11311679892241955,9,2,2,0,M S,Sassuolo,1,0.374751104041934,2.173492736183107,1.98475082218647
256,7091,Christian Kouamé,33,966,1,3.5075705125927925,1,1.1993615850806236,17,12,4,0,F M S,Fiorentina,1,3.5075705125927925,4.358870219439268,0.49727509915828705
257,7281,Diogo Dalot,21,1070,1,0.510491494089365,1,0.9577981140464544,10,9,5,0,D S,AC Milan,1,0.510491494089365,4.294027592986822,3.0490214973688126
258,7472,Wilfried Stephane Singo,28,1855,1,1.1385453073307872,2,3.503697570413351,10,24,2,1,D M S,Torino,1,1.1385453073307872,7.574752674438059,5.378603741526604
259,7902,Matthijs de Ligt,27,2220,1,0.9373436057940125,1,1.0053015174344182,19,9,4,0,D S,Juventus,1,0.9373436057940125,10.942042587324977,10.896848557516932
260,7924,Amir Rrahmani,16,1086,1,0.5364986136555672,0,0,5,0,2,0,D S,Napoli,1,0.5364986136555672,2.7226266115903854,2.7226266115903854
261,7933,Jerdy Schouten,34,2518,1,0.16803480312228203,1,2.569762498140335,9,24,8,1,M S,Bologna,1,0.16803480312228203,10.763233807869256,8.724704436957836
262,7937,Julian Chabot,25,1651,1,0.8326523061841726,1,0.6921412069350481,9,5,9,1,D S,Spezia,1,0.8326523061841726,3.354884685948491,3.2395168896764517
263,7938,Tommaso Augello,37,3225,1,0.3225634004920721,3,4.0103649608790874,8,30,2,1,D M,Sampdoria,1,0.3225634004920721,7.994397904723883,5.777278367429972
264,7993,Ernesto Torregrossa,6,164,1,0.4610721096396446,0,0.16817319300025702,4,3,0,0,F S,Sampdoria,1,0.4610721096396446,0.35252559185028076,0.08946719765663147
265,8010,Kevin Agudelo,29,1349,1,1.2943015089258552,2,1.203430088236928,19,12,4,0,F S,Spezia,1,1.2943015089258552,4.601859170012176,2.2041113823652267
266,8029,Lisandro Magallán,28,2192,1,0.8408093214966357,2,0.34785529784858227,8,9,10,0,D S,Crotone,1,0.8408093214966357,4.786471351981163,4.12426027841866
267,8034,Georgios Kyriakopoulos,23,1455,1,1.658354344777763,0,1.3868073876947165,24,15,1,1,D M S,Sassuolo,1,1.658354344777763,5.2300237119197845,2.635903175920248
268,8161,Ebrima Colley,23,709,1,2.255906790494919,0,0.6599310953170061,17,8,1,0,F M S,Verona,1,2.255906790494919,4.452990390360355,2.380436085164547
269,8252,Nicolás Domínguez,28,1248,1,1.187559929676354,0,1.569201661273837,18,20,8,0,M S,Bologna,1,1.187559929676354,4.240804923698306,2.474937330931425
270,8298,Lennart Czyborra,17,1182,1,0.15618479810655117,0,0.22279299423098564,5,4,2,0,D S,Genoa,1,0.15618479810655117,1.728183003142476,1.4726813323795795
271,8313,Pierre Kalulu Kyatengwa,13,725,1,0.7651956975460052,1,0.6814032876864076,3,6,1,0,D S,AC Milan,1,0.7651956975460052,2.8598673716187477,2.7183524519205093
272,8839,Eduardo Henrique,18,906,1,0.9185777055099607,0,0.17516055889427662,9,6,4,0,M S,Crotone,1,0.9185777055099607,2.349689658731222,1.3663619002327323
273,8883,Riccardo Improta,34,2329,1,1.7657607709988952,0,2.6739607667550445,35,22,7,0,D M S,Benevento,1,1.7657607709988952,6.814544703811407,3.4242297261953354
274,8884,Alessandro Tuia,27,1766,1,0.4775644959881902,0,0.48687270004302263,8,3,6,0,D S,Benevento,1,0.4775644959881902,2.3737149881199002,2.2948022857308388
275,8916,Simone Bastoni,22,1538,1,1.203152857720852,6,2.627112690359354,21,29,7,0,D S,Spezia,1,1.203152857720852,5.448463845998049,2.7633594553917646
276,8926,Milos Vulic,25,1299,1,0.9432989126071334,1,1.4631507899612188,17,21,2,0,M S,Crotone,1,0.9432989126071334,3.3225217862054706,1.5683981962502003
277,9002,Vedat Muriqi,27,809,1,3.2703423630446196,0,0.6183624006807804,31,9,1,0,F S,Lazio,1,3.2703423630446196,5.9164584800601006,2.1868573799729347
278,9019,Lucas Martínez Quarta,21,1486,1,1.7068064901977777,0,0.28575219959020615,17,6,4,1,D S,Fiorentina,1,1.7068064901977777,3.2530735787004232,2.1412945855408907
279,9022,Amer Gojak,15,466,1,0.7937223045155406,1,0.2250654986128211,8,7,1,0,F M S,Torino,1,0.7937223045155406,1.7585974503308535,0.9703707043081522
280,9029,Simon Sohm,18,887,1,0.826208071783185,0,0.517564207315445,5,4,1,0,F M S,Parma Calcio 1913,1,0.826208071783185,2.6266357731074095,1.967375472187996
281,9090,Ardian Ismajli,17,1294,1,0.668645323254168,1,0.6446983944624662,6,2,1,1,D S,Spezia,1,0.668645323254168,2.260973867960274,2.1473800279200077
282,9104,Juan Brunetta,12,470,1,0.8289852887392044,2,0.8405392812564969,10,8,3,0,F M S,Parma Calcio 1913,1,0.8289852887392044,2.454838789999485,1.4182401821017265
283,9334,Jayden Braaf,4,106,1,0.15314329788088799,0,0.018545599654316902,2,1,0,0,F S,Udinese,1,0.15314329788088799,0.250842098146677,0.09769919887185097
284,257,Jeremy Toljan,26,1491,0,0.3657556027173996,1,0.8785571940243244,5,14,2,0,D M S,Sassuolo,0,0.3657556027173996,6.0852058082818985,5.302929624915123
285,265,Ragnar Klavan,15,768,0,0.18025559931993484,0,0.028701700270175934,6,1,1,0,D S,Cagliari,0,0.18025559931993484,1.3084330577403307,1.292589757591486
286,308,Ricardo Rodríguez,16,1261,0,0.5108492951840162,0,0.21885830350220203,13,5,1,0,D S,Torino,0,0.5108492951840162,2.742152003571391,2.54089224524796
287,347,Kaan Ayhan,19,769,0,0.44814789295196533,0,0.06856240145862103,5,2,2,0,D S,Sassuolo,0,0.44814789295196533,3.0136316157877445,3.0136316157877445
288,393,Douglas Costa,2,38,0,0,0,0.04837749898433685,0,1,0,0,S,Juventus,0,0,0.6014609932899475,0.6014609932899475
289,475,Lucas Leiva,32,2175,0,0.3638604013249278,0,0.5465141087770462,12,7,10,0,M S,Lazio,0,0.3638604013249278,10.54898451641202,9.717118680477142
290,505,David Ospina,16,1440,0,0,1,0.07061940059065819,0,2,2,0,GK,Napoli,0,0,4.088958190754056,4.018342124298215
291,542,Pedro Obiang,33,1458,0,0.5482162935659289,1,1.032847898080945,16,12,4,1,M S,Sassuolo,0,0.5482162935659289,5.400156712159514,4.113886831328273
292,570,Valon Behrami,26,875,0,0.549466909840703,0,0.09671949967741966,4,2,1,1,M S,Genoa,0,0.549466909840703,1.6837100014090538,1.0375237874686718
293,621,Aleksandar Kolarov,7,384,0,0.10702819935977459,1,1.3366779834032059,6,6,0,0,D S,Inter,0,0.10702819935977459,4.709819935262203,4.3096719160676
294,628,Chris Smalling,16,1102,0,0.2958590015769005,1,0.8814990222454071,7,2,3,0,D S,Roma,0,0.2958590015769005,5.433432197198272,5.433432197198272
295,952,Gastón Ramírez,25,954,0,0.7901082024909556,4,2.4478802867233753,12,21,5,0,F M S,Sampdoria,0,0.7901082024909556,4.220691552385688,2.5902689397335052
296,1093,Mattia Perin,32,2880,0,0,0,0.02126139961183071,0,1,1,1,GK,Genoa,0,0,3.272370293736458,3.251108894124627
297,1114,Davide Biraschi,13,918,0,0.0724561009556055,0,0,2,0,2,0,D S,Genoa,0,0.0724561009556055,2.5854340475052595,2.512978255748749
298,1116,Gianluigi Donnarumma,37,3330,0,0,0,0,0,0,1,0,GK,AC Milan,0,0,4.617560621351004,4.617560621351004
299,1120,Mattia De Sciglio,1,23,0,0.03442449867725372,0,0,1,0,0,0,S,Juventus,0,0.03442449867725372,0.03442449867725372,0
300,1133,Cristian Zapata,12,968,0,0.08409059979021549,0,0.023612799122929573,3,1,2,0,D,Genoa,0,0.08409059979021549,0.887014590203762,0.8738422896713018
301,1140,Danilo,35,3132,0,0.9375772075727582,1,1.587674554437399,15,9,7,0,D S,Bologna,0,0.9375772075727582,7.381950527429581,6.595586201176047
302,1153,Ryder Matos,1,11,0,0,0,0.030139600858092308,0,1,0,0,S,Udinese,0,0,0.046832598745822906,0.016692999750375748
303,1158,Simone Scuffet,1,90,0,0,0,0,0,0,0,0,GK,Udinese,0,0,0,0
304,1166,Ahmed Benali,18,1220,0,0.8533948063850403,1,1.1067885202355683,10,14,2,0,M S,Crotone,0,0.8533948063850403,3.2200447116047144,1.9694455843418837
305,1181,Antonio Barreca,3,86,0,0.0728532001376152,0,0.04057219997048378,2,1,0,0,D S,Fiorentina,0,0.0728532001376152,0.1328554004430771,0.05965770035982132
306,1182,Daniele Baselli,15,369,0,0.21827019937336445,0,0.7608736101537943,5,9,2,0,M S,Torino,0,0.21827019937336445,1.6164583154022694,0.9867002945393324
307,1195,Daniele Padelli,1,42,0,0,0,0,0,0,0,0,S,Inter,0,0,0,0
308,1200,Federico Marchetti,4,337,0,0,0,0,0,0,0,0,GK,Genoa,0,0,0.35959889739751816,0.35959889739751816
309,1203,Wesley Hoedt,17,944,0,0.1337106004357338,0,0.10679090395569801,2,3,6,0,D S,Lazio,0,0.1337106004357338,1.7052014898508787,1.6849500890821218
310,1204,Patric,25,1605,0,0.527248497121036,1,1.1129926745779812,7,11,8,0,D S,Lazio,0,0.527248497121036,6.558204300701618,5.445960342884064
311,1205,Senad Lulic,16,713,0,0.4823397994041443,0,0.3633886054158211,6,4,1,0,D S,Lazio,0,0.4823397994041443,2.2808317840099335,1.5769148096442223
312,1206,Danilo Cataldi,19,552,0,0.3220282020047307,0,0.2362210974097252,6,5,4,0,M S,Lazio,0,0.3220282020047307,3.09261591732502,2.6454606875777245
313,1207,Marco Parolo,18,645,0,0.4395400080829859,2,0.8719108793884516,7,4,5,0,D M S,Lazio,0,0.4395400080829859,2.6637956770136952,1.6587087092921138
314,1214,Thomas Strakosha,9,810,0,0,0,0,0,0,1,0,GK,Lazio,0,0,1.126893071923405,1.126893071923405
315,1221,Jacopo Sala,6,383,0,0,0,0.8362630009651184,0,3,1,0,D S,Spezia,0,0,1.2708777748048306,0.43461480364203453
316,1224,Vasco Regini,3,85,0,0,0,0.044204000383615494,0,1,0,0,D S,Sampdoria,0,0,0.044204000383615494,0
317,1238,Luca Cigarini,14,957,0,0.5393778970465064,0,1.141917017288506,16,16,3,1,M S,Crotone,0,0.5393778970465064,2.9676894936710596,2.0670886132866144
318,1241,Pedro Pereira,35,2571,0,0.9247750015929341,4,3.1479097194969654,14,21,6,0,D M S,Crotone,0,0.9247750015929341,6.3872065879404545,3.695689040236175
319,1244,Wojciech Szczesny,30,2679,0,0,1,0.10835400223731995,0,1,0,0,GK,Juventus,0,0,7.218137696385384,7.218137696385384
320,1246,Kostas Manolas,30,2306,0,0.9578735148534179,0,0.4959623161703348,8,6,5,0,D S,Napoli,0,0.9578735148534179,11.149810411036015,10.697534818202257
321,1247,Juan Jesus,5,150,0,0,0,0,0,0,0,0,S,Roma,0,0,0.8360486216843128,0.8360486216843128
322,1256,Kevin Strootman,18,1339,0,0.5849700579419732,4,3.277071014046669,6,23,7,0,M,Genoa,0,0.5849700579419732,6.190913684666157,3.3601933205500245
323,1264,Edoardo Goldaniga,25,1852,0,0.40032009687274694,1,0.7094417009502649,8,7,8,0,D S,Genoa,0,0.40032009687274694,3.3649357724934816,2.914271755144
324,1273,Mato Jajalo,1,29,0,0,0,0,0,0,0,0,S,Udinese,0,0,0,0
325,1274,Andrea Rispoli,19,631,0,0.40186222782358527,0,0.5106201944872737,4,11,4,0,D M S,Crotone,0,0.40186222782358527,1.9568930994719267,1.245958723127842
326,1285,Gianluigi Buffon,8,720,0,0,0,0,0,0,0,0,GK,Juventus,0,0,1.7219826616346836,1.7219826616346836
327,1295,Mario Mandzukic,10,201,0,1.11394699010998,0,0.16888929903507233,5,3,1,0,F S,AC Milan,0,1.11394699010998,1.021451197564602,0.01775749959051609
328,1302,Emil Audero,37,3330,0,0,1,0.27087798714637756,0,1,0,0,GK,Sampdoria,0,0,1.8251728769391775,1.5542948897928
329,1305,Lukasz Skorupski,28,2520,0,0,0,0,0,0,1,0,GK,Bologna,0,0,3.5061707040295005,3.5061707040295005
330,1306,Vincent Laurini,14,877,0,0.29928300715982914,0,0.04075369983911514,2,1,1,0,D S,Parma Calcio 1913,0,0.29928300715982914,2.4420977272093296,2.142814824357629
331,1320,Federico Barba,32,2661,0,0.5403175037354231,2,1.5261480007320642,13,13,8,0,D S,Benevento,0,0.5403175037354231,4.6677513755857944,4.175875443965197
332,1334,Perparim Hetemaj,31,2236,0,0.5941195506602526,2,1.1625242764130235,12,15,5,0,M S,Benevento,0,0.5941195506602526,3.0375230284407735,1.730568414554
333,1340,Roberto Inglese,14,565,0,0.5732137197628617,2,1.671403020620346,8,4,2,0,F S,Parma Calcio 1913,0,0.5732137197628617,1.8665111176669598,0.3914647102355957
334,1341,Ivan Radovanovic,33,2227,0,0.20088240131735802,0,0.14579060301184654,6,3,6,0,D M S,Genoa,0,0.20088240131735802,4.4961399007588625,4.439140798524022
335,1348,Vittorio Parigini,4,45,0,0.014219899661839008,0,0,1,0,0,0,S,Genoa,0,0.014219899661839008,0,0
336,1351,Alex Cordaz,36,3240,0,0,0,0.008935229852795601,0,1,1,0,GK,Crotone,0,0,2.749413521029055,2.740478320978582
337,1354,Gianmarco Ferrari,34,3013,0,1.7151113944128156,4,1.660501136444509,25,14,7,0,D S,Sassuolo,0,1.7151113944128156,10.241914078593254,9.215900721028447
338,1367,Marco Festa,1,90,0,0,0,0,0,0,0,0,GK,Crotone,0,0,0,0
339,1370,Federico Ceccherini,28,2032,0,1.1119018122553825,0,0.47729649394750595,12,5,10,0,D S,"Fiorentina,Verona",0,1.1119018122553825,8.647550962865353,8.453702881932259
340,1374,José Reina,29,2610,0,0,0,0.021209200844168663,0,1,1,0,GK,Lazio,0,0,4.282470690086484,4.26126149110496
341,1375,Elseid Hysaj,24,1783,0,0.24451652308925986,2,1.7091953912749887,8,15,2,0,D S,Napoli,0,0.24451652308925986,8.22179314494133,6.798788700252771
342,1376,Kalidou Koulibaly,26,2212,0,0.9780294075608253,0,0.2972740028053522,11,7,8,1,D S,Napoli,0,0.9780294075608253,9.899268742650747,9.789262767881155
343,1377,Nikola Maksimovic,17,1206,0,0.5846246965229511,0,0.17627359926700592,5,3,1,0,D S,Napoli,0,0.5846246965229511,7.012158114463091,6.984631311148405
344,1382,José Callejón,20,646,0,0.24606570601463318,1,1.4048179984092712,8,5,0,0,F M S,Fiorentina,0,0.24606570601463318,2.5057099163532257,1.585315428674221
345,1387,Faouzi Ghoulam,11,273,0,0.1155938021838665,0,0.7508809007704258,3,7,1,0,D S,Napoli,0,0.1155938021838665,1.4422584865242243,1.308063292875886
346,1390,Marko Rog,14,1171,0,0.19431040063500404,0,0.2716536931693554,8,8,2,0,M,Cagliari,0,0.19431040063500404,1.5822020769119263,1.2021498773247004
347,1391,Christian Maggio,8,294,0,0.06327910162508488,0,0,2,0,2,0,D S,Benevento,0,0.06327910162508488,0.19220179971307516,0.19220179971307516
348,1392,Luigi Sepe,36,3240,0,0,0,0,0,0,0,0,GK,Parma Calcio 1913,0,0,5.422759408131242,5.422759408131242
349,1397,Fabio Pisacane,5,224,0,0,0,0,0,0,1,0,D S,Cagliari,0,0,0.038854099810123444,0.038854099810123444
350,1400,Nicola Murru,14,574,0,0.4259517975151539,0,0.3851819932460785,5,3,0,0,D S,Torino,0,0.4259517975151539,1.5079008843749762,0.8329151012003422
351,1410,Rafael,3,205,0,0,1,0.3084479868412018,0,1,0,0,GK S,Spezia,0,0,0.43130598962306976,0.12285800278186798
352,1416,Ciprian Tatarusanu,1,90,0,0,0,0,0,0,0,0,GK,AC Milan,0,0,0,0
353,1420,Maximiliano Olivera,2,91,0,0,0,0,0,0,0,0,D S,Fiorentina,0,0,0,0
354,1422,Borja Valero,20,446,0,0.20813370123505592,0,0.03929710015654564,5,2,3,0,F M S,Fiorentina,0,0.20813370123505592,1.0571854822337627,0.8668891862034798
355,1424,Federico Bernardeschi,27,945,0,1.6739853210747242,2,3.3103971257805824,13,24,3,0,D M S,Juventus,0,1.6739853210747242,6.390778796747327,3.2182795498520136
356,1431,Sebastien De Maio,15,855,0,0.2958129961043596,0,0,6,0,1,0,D S,Udinese,0,0.2958129961043596,3.13002273067832,3.100876744836569
357,1437,Ângelo Da Costa,6,540,0,0,0,0,0,0,2,0,GK,Bologna,0,0,0.0682027991861105,0.0682027991861105
358,1454,Alex Ferrari,12,882,0,0,1,0.6388056110590696,0,4,3,0,D S,Sampdoria,0,0,2.3901481851935387,1.9151681754738092
359,1460,Andrea Consigli,37,3330,0,0,0,0,0,0,1,0,GK,Sassuolo,0,0,4.477105824276805,4.477105824276805
360,1461,Pol Lirola,12,481,0,0.12438919954001904,1,0.7172349877655506,2,7,3,0,D M S,Fiorentina,0,0.12438919954001904,1.544571964070201,0.8796967808157206
361,1463,Francesco Acerbi,32,2814,0,1.0400611981749535,1,1.17975396476686,8,10,7,1,D,Lazio,0,1.0400611981749535,10.49756888858974,9.721277261152864
362,1464,Federico Peluso,7,200,0,0,0,0,0,0,1,0,D S,Sassuolo,0,0,1.2759103775024414,1.2759103775024414
363,1465,Stefano Sensi,18,580,0,1.3360764272511005,0,0.5460707172751427,18,11,1,1,M S,Inter,0,1.3360764272511005,3.84309658780694,2.874489162117243
364,1466,Francesco Magnanelli,10,456,0,0.035934899002313614,0,0.20932219736278057,2,4,2,0,M S,Sassuolo,0,0.035934899002313614,2.1065679136663675,2.0007399264723063
365,1470,Federico Ricci,1,1,0,0,0,0,0,0,0,0,S,Sassuolo,0,0,0,0
366,1474,Alfred Duncan,23,1237,0,0.1837493982166052,1,1.3588686902076006,8,11,2,0,M S,"Cagliari,Fiorentina",0,0.1837493982166052,4.897094771265984,4.040179053321481
367,1476,Cristian Dell&#039;Orco,8,259,0,0.07512179762125015,0,0,1,0,0,0,D S,Spezia,0,0.07512179762125015,0.6973264254629612,0.6222048290073872
368,1480,Gianluca Pegolo,1,90,0,0,0,0,0,0,0,0,GK,Sassuolo,0,0,0,0
369,1485,Andrea Masiello,30,2575,0,0.5528655890375376,0,0.26302226446568966,5,7,6,0,D,Genoa,0,0.5528655890375376,4.77356428001076,4.270529475994408
370,1486,Mattia Caldara,6,105,0,0.42602501064538956,0,0,2,0,1,0,D S,Atalanta,0,0.42602501064538956,0.8450074046850204,0.8450074046850204
371,1487,Andrea Conti,14,833,0,0.908635001629591,0,0.6681050974875689,5,8,3,0,D S,"AC Milan,Parma Calcio 1913",0,0.908635001629591,4.437388136982918,3.218573020771146
372,1501,Marco Sportiello,15,1259,0,0,0,0,0,0,0,0,GK S,Atalanta,0,0,1.8804459311068058,1.8804459311068058
373,1504,Alberto Grassi,23,1172,0,0.5227791965007782,0,0.34624331071972847,11,3,3,0,D M S,Parma Calcio 1913,0,0.5227791965007782,2.0141117982566357,1.3904136903584003
374,1505,Samir Handanovic,37,3244,0,0,0,0,0,0,1,0,GK,Inter,0,0,6.667667277157307,6.667667277157307
375,1509,Davide Santon,10,592,0,0.49586408771574497,1,0.8581862188875675,5,5,3,0,D S,Roma,0,0.49586408771574497,2.912956580519676,2.0915853902697563
376,1510,Gary Medel,11,505,0,0,1,0.1360774040222168,0,2,1,0,D M S,Bologna,0,0,1.433360692113638,1.2972836904227734
377,1522,Andrea Ranocchia,8,706,0,1.3842439725995064,1,0.9832956027239561,9,3,2,0,D,Inter,0,1.3842439725995064,3.368383005261421,3.350342944264412
378,1542,Stefan Radu,31,2474,0,0.3382112057879567,3,1.5143011212348938,7,19,2,0,D S,Lazio,0,0.3382112057879567,11.124590134248137,9.872936693951488
379,1544,Federico Ravaglia,4,360,0,0,0,0,0,0,0,0,GK,Bologna,0,0,0,0
380,1546,Federico Mattiello,1,33,0,0,0,0,0,0,0,0,S,Spezia,0,0,0,0
381,1550,Luca Ceppitelli,19,1474,0,0.5031189396977425,0,0.06747040152549744,7,2,3,0,D S,Cagliari,0,0.5031189396977425,3.8157841376960278,3.798690337687731
382,1555,Bartlomiej Dragowski,36,3150,0,0,1,0.05113770067691803,0,1,0,0,GK,Fiorentina,0,0,2.2458462808281183,2.1947085801512003
383,1576,Giorgio Chiellini,17,1391,0,0.5776768065989017,1,0.6716462206095457,6,2,4,0,D S,Juventus,0,0.5776768065989017,8.073977399617434,8.073977399617434
384,1587,Kwadwo Asamoah,9,203,0,0.045883700251579285,0,0,2,0,0,0,D S,Cagliari,0,0.045883700251579285,0.4291853941977024,0.3833022005856037
385,1591,Giuseppe Cuomo,13,796,0,0.39907100331038237,0,0,2,0,4,0,D S,Crotone,0,0.39907100331038237,0.5581721104681492,0.5581721104681492
386,1595,Bastos,2,64,0,0,0,0,0,0,0,0,S,Lazio,0,0,0.06776440143585205,0.06776440143585205
387,1601,Riccardo Marchizza,24,1557,0,0.4494059905409813,2,1.234259394928813,7,15,4,0,D S,Spezia,0,0.4494059905409813,3.044696416705847,2.131877701729536
388,1609,Antonio Mirante,13,1156,0,0,0,0,0,0,2,0,GK,Roma,0,0,2.034162533469498,2.034162533469498
389,1624,Fabio Depaoli,22,1399,0,0.34057809971272945,0,0.6326698958873749,10,12,2,0,D M S,"Atalanta,Benevento,Sampdoria",0,0.34057809971272945,2.2463076934218407,1.6851473189890385
390,1634,Alessandro Deiola,24,965,0,0.46139049623161554,0,0.9202974922955036,11,15,3,0,M S,"Cagliari,Spezia",0,0.46139049623161554,3.0130991339683533,2.560769636183977
391,1639,Sebastiano Luperto,23,1893,0,0.1820474686101079,0,0.16627780254930258,5,6,3,1,D S,Crotone,0,0.1820474686101079,2.0547642074525356,1.7726673018187284
392,1643,Luca Marrone,21,1590,0,0.21538539975881577,0,0,4,0,8,0,D S,Crotone,0,0.21538539975881577,1.0895812967792153,1.044248298741877
393,1792,Mário Rui,27,1655,0,0.6307689007371664,2,2.603211016394198,19,31,4,0,D S,Napoli,0,0.6307689007371664,10.393891347572207,8.887267366051674
394,1830,Ionut Radu,2,134,0,0,0,0,0,0,0,0,GK S,Inter,0,0,0.4152569994330406,0.4152569994330406
395,1841,Pierluigi Gollini,25,2158,0,0,0,0.04169920086860657,0,1,0,1,GK,Atalanta,0,0,2.0375364180654287,1.9958372171968222
396,1846,Luca Siligardi,6,75,0,0.05987850110977888,0,0.1045673992484808,2,4,0,0,S,"Crotone,Parma Calcio 1913",0,0.05987850110977888,0.2675669975578785,0.21768129989504814
397,1892,Alex Meret,22,1980,0,0,0,0.026366399601101875,0,1,0,0,GK,Napoli,0,0,2.1884330678731203,2.1620666682720184
398,1894,Simone Colombi,2,180,0,0,0,0,0,0,0,0,GK,Parma Calcio 1913,0,0,0.014294600114226341,0.014294600114226341
399,1927,Berat Gjimshiti,33,2623,0,1.7494038082659245,3,3.44494959898293,21,22,8,0,D S,Atalanta,0,1.7494038082659245,10.583781346678734,9.990927260369062
400,1956,Mohamed Fares,21,1151,0,0.971191793680191,1,2.0086464062333107,14,14,5,0,D S,Lazio,0,0.971191793680191,4.598280865699053,2.507048617117107
401,1998,Francesco Cassata,8,221,0,0.014175999909639359,0,0.07506489753723145,1,1,2,0,D M S,Genoa,0,0.014175999909639359,0.4721418097615242,0.382901806384325
402,2003,Antonio La Gumina,9,337,0,0.665528204292059,0,0.03822319954633713,10,1,0,0,F S,Sampdoria,0,0.665528204292059,0.7223217003047466,0.10645899921655655
403,2005,Jacopo Dezi,2,80,0,0.04947369918227196,0,0.13325899839401245,1,1,0,0,F S,Parma Calcio 1913,0,0.04947369918227196,0.5315496884286404,0.4820759892463684
404,2010,Simone Edera,2,49,0,0.1340261958539486,0,0.2509779930114746,3,3,0,0,S,Torino,0,0.1340261958539486,0.020428400486707687,0
405,2022,Samir Ujkani,1,90,0,0,0,0,0,0,0,0,GK,Torino,0,0,0.474373996257782,0.474373996257782
406,2040,Paolo Ghiglione,23,1355,0,0.5510835153982043,4,2.1782823018729687,10,18,4,0,D M S,Genoa,0,0.5510835153982043,3.9511072114109993,1.8882415890693665
407,2042,Lubomir Tupta,2,51,0,0.11819879710674286,0,0,2,0,0,0,M S,Verona,0,0.11819879710674286,0.11819879710674286,0
408,2043,Kastriot Dermaku,2,98,0,0,0,0,0,0,0,0,D S,Parma Calcio 1913,0,0,0.6742910146713257,0.6742910146713257
409,2107,Pau López,21,1814,0,0,0,0,0,0,0,0,GK S,Roma,0,0,4.276220675557852,4.276220675557852
410,2495,Mateo Musacchio,5,260,0,0,0,0,0,0,2,0,D S,"AC Milan,Lazio",0,0,1.065111629664898,1.065111629664898
411,2560,Cristiano Piccini,1,66,0,0.03509439900517464,0,0,1,0,0,0,S,Atalanta,0,0.03509439900517464,0.03509439900517464,0.03509439900517464
412,3066,Aleksandr Kokorin,4,86,0,0,0,0,0,0,1,0,S,Fiorentina,0,0,0.08203930035233498,0.08203930035233498
413,3209,Jean-Daniel Akpa-Akpro,32,1009,0,1.1854089982807636,1,0.7609771974384785,12,12,9,0,D M S,Lazio,0,1.1854089982807636,5.454455240629613,3.6036906177178025
414,3295,Javier Pastore,5,72,0,0,0,0.7418193276971579,0,4,0,0,S,Roma,0,0,1.2081756126135588,0.8192479908466339
415,3301,Salvatore Sirigu,32,2880,0,0,0,0,0,0,0,0,GK,Torino,0,0,1.7710515223443508,1.7710515223443508
416,3340,Bryan Dabo,25,1113,0,0.7905927998945117,0,0.26746479980647564,12,7,5,0,M S,Benevento,0,0.7905927998945117,2.623601951636374,2.2165255965664983
417,3536,Jean-Victor Makengo,17,505,0,0.08560429979115725,0,0.10589869879186153,4,2,1,0,M S,Udinese,0,0.08560429979115725,1.1856782166287303,1.1341283144429326
418,3632,Kevin Malcuit,7,233,0,0.09976510144770145,0,0.07653159648180008,2,1,0,0,D S,"Fiorentina,Napoli",0,0.09976510144770145,0.4120168015360832,0.31225170008838177
419,3893,Lukas Haraslin,14,317,0,0.824020417407155,0,0.5773632861673832,12,9,1,1,M S,Sassuolo,0,0.824020417407155,1.2904173154383898,0.08573880046606064
420,3925,Gabriele Moncini,10,351,0,0.9753311853855848,0,0.1833563018590212,8,3,0,0,F S,Benevento,0,0.9753311853855848,1.353375194594264,0.28773269802331924
421,3927,Alessio Cragno,34,3060,0,0,0,0,0,0,1,0,GK,Cagliari,0,0,2.2613115794956684,2.2613115794956684
422,3951,Kevin Bonifazi,30,2476,0,1.190489836037159,0,0.16468599438667297,17,2,4,0,D S,Udinese,0,1.190489836037159,4.658437189646065,4.517773994244635
423,3965,Arturo Calabresi,3,29,0,0,0,0,0,0,0,0,S,"Bologna,Cagliari",0,0,0,0
424,3997,Antonio Mazzotta,2,54,0,0,0,0,0,0,1,0,M S,Crotone,0,0,0,0
425,4699,Simon Kjaer,28,2403,0,1.0273185102269053,2,1.1877201180905104,16,7,3,0,D,AC Milan,0,1.0273185102269053,6.938273724168539,6.609566323459148
426,4768,Wylan Cyprien,13,387,0,0.20678014028817415,0,0.15506210178136826,6,4,2,0,M S,Parma Calcio 1913,0,0.20678014028817415,1.1115154214203358,1.048010004684329
427,4903,Mamadou Coulibaly,3,183,0,0.07546290010213852,0,0.14323000609874725,2,2,0,0,M S,Udinese,0,0.07546290010213852,0.7502769976854324,0.5315837962552905
428,4912,Paolo Faragò,9,387,0,0.22906110249459743,0,0.7531459853053093,4,5,2,0,D S,"Bologna,Cagliari",0,0.22906110249459743,1.878459868952632,1.1783903073519468
429,4918,Patrick Cutrone,11,170,0,0.18491169810295105,0,0,3,0,0,0,S,Fiorentina,0,0.18491169810295105,0.10829299688339233,0
430,4920,Matteo Gabbia,8,556,0,0.7226849980652332,0,0,5,0,2,0,D S,AC Milan,0,0.7226849980652332,1.3648272454738617,1.346856251358986
431,4939,Alessandro Bastoni,33,2932,0,0.9617054909467697,3,1.3292619064450264,11,12,6,0,D,Inter,0,0.9617054909467697,15.616489794105291,15.168988436460495
432,4959,Filippo Melegoni,14,376,0,0.47402389347553253,0,0.33524850010871887,4,4,1,0,D M S,Genoa,0,0.47402389347553253,0.8327360954135656,0.2529061045497656
433,4970,Luca Pellegrini,11,642,0,0.10237949900329113,1,2.2237990349531174,5,8,2,0,D M S,Genoa,0,0.10237949900329113,2.267120461910963,0.8205665871500969
434,5015,Giacomo Vrioni,1,1,0,0,0,0.12483400106430054,0,1,0,0,S,Juventus,0,0,0.12483400106430054,0.12483400106430054
435,5025,Alessandro Buongiorno,12,852,0,0.18140390515327454,0,0.013129199855029583,3,1,4,0,D S,Torino,0,0.18140390515327454,2.5986889228224754,2.5855599269270897
436,5028,Gianluca Frabotta,15,672,0,0.301119901239872,1,0.935463011264801,5,4,5,0,D M S,Juventus,0,0.301119901239872,4.140794776380062,3.5482646450400352
437,5056,Marlon Santos,24,1735,0,0.20098499953746796,0,0.06445220112800598,4,1,4,1,D M S,Sassuolo,0,0.20098499953746796,5.547495787963271,5.431351801380515
438,5091,Alex Berenguer,2,138,0,0.4604762867093086,0,0,2,0,0,0,M,Torino,0,0.4604762867093086,0.7764029800891876,0.724839985370636
439,5195,Nicolás Schiappacase,1,13,0,0,0,0,0,0,0,0,S,Sassuolo,0,0,0.05080939829349518,0.05080939829349518
440,5226,Walace,30,2058,0,0.4704206734895706,0,0.23539555352181196,17,9,4,0,M S,Udinese,0,0.4704206734895706,6.267740024253726,5.870208662003279
441,5825,Elio Capradossi,1,90,0,0.11450500041246414,0,0,1,0,0,0,D,Spezia,0,0.11450500041246414,0,0
442,6021,Lukas Lerager,16,1166,0,0.1897280029952526,1,0.46137250401079655,4,8,0,0,M S,Genoa,0,0.1897280029952526,4.243461767211556,3.6626197267323732
443,6107,Carlo Pinsoglio,1,21,0,0,0,0,0,0,0,0,S,Juventus,0,0,0.08963949978351593,0.08963949978351593
444,6108,Rodrigo Bentancur,33,2340,0,0.5898599913343787,4,2.6785088181495667,15,29,6,1,M S,Juventus,0,0.5898599913343787,17.913821326568723,16.252492615953088
445,6125,Stanislav Lobotka,15,122,0,0,0,0,0,0,2,0,S,Napoli,0,0,2.1125490069389343,2.1125490069389343
446,6129,Nícolas,2,180,0,0,0,0,0,0,0,0,GK,Udinese,0,0,0.07753369957208633,0.07753369957208633
447,6130,Daniel Bessa,18,588,0,1.2236584015190601,2,2.0011528097093105,8,15,1,0,M S,Verona,0,1.2236584015190601,4.169827524572611,1.2192576192319393
448,6132,Marco Silvestri,34,3060,0,0,0,0,0,0,1,0,GK,Verona,0,0,2.1155164688825607,2.1155164688825607
449,6167,Vanja Milinkovic-Savic,5,450,0,0,0,0,0,0,0,0,GK,Torino,0,0,0.6707821954041719,0.6707821954041719
450,6169,Giovanni Crociata,2,21,0,0,0,0.09198310226202011,0,1,0,0,S,Crotone,0,0,0.09198310226202011,0
451,6177,Luiz Felipe,14,911,0,0.15660109743475914,0,0.4233523905277252,4,3,5,0,D S,Lazio,0,0.15660109743475914,2.801659533753991,2.4093471243977547
452,6181,Luca Mora,4,101,0,0.09990520030260086,0,0,1,0,0,0,M S,Spezia,0,0.09990520030260086,0.13577799871563911,0.035872798413038254
453,6191,Lorenzo Venuti,28,1764,0,0.21814529597759247,1,2.109283024445176,4,15,3,0,D S,Fiorentina,0,0.21814529597759247,4.699141461402178,2.7387338932603598
454,6194,Lorenzo Del Pinto,1,10,0,0,0,0,0,0,0,0,S,Benevento,0,0,0,0
455,6211,Mehdi Leris,20,356,0,0.08020909875631332,0,0.534932788927108,2,8,1,0,D M S,Sampdoria,0,0.08020909875631332,1.6641717106103897,1.4374291896820068
456,6212,Mattia Bani,26,2077,0,0.949423186480999,0,0.29422419518232346,11,4,10,0,D S,"Genoa,Parma Calcio 1913",0,0.949423186480999,3.6445014495402575,3.327989147976041
457,6242,Johan Mojica,11,293,0,0.11167329922318459,0,0.6511004865169525,4,4,1,0,D M S,Atalanta,0,0.11167329922318459,1.4378258772194386,1.238687675446272
458,6252,Lyanco,23,1954,0,1.5229801121167839,0,0.35983769595623016,12,4,8,0,D S,Torino,0,1.5229801121167839,5.26702548051253,4.748617064207792
459,6277,Fabrizio Caligara,10,178,0,0,0,0.12636600155383348,0,2,2,0,M S,Cagliari,0,0,0.0922107994556427,0.0922107994556427
460,6312,Rogerio,28,1881,0,0.44739240035414696,1,1.5888261999934912,16,12,4,0,D S,Sassuolo,0,0.44739240035414696,7.622546020895243,6.3305935226380825
461,6375,Andrea Danzi,2,106,0,0.018912900239229202,0,0.058692000806331635,1,1,1,0,M S,Verona,0,0.018912900239229202,0.43740200996398926,0.378710001707077
462,6399,Manuel Gasparini,1,1,0,0,0,0,0,0,0,0,S,Udinese,0,0,0,0
463,6460,Vincenzo Millico,3,16,0,0,0,0.022706300020217896,0,1,0,0,S,Torino,0,0,0,0
464,6649,Siriki Sanogo,1,9,0,0,0,0,0,0,0,0,S,Benevento,0,0,0,0
465,6750,Gonzalo Villar,33,1855,0,0.5370636135339737,1,0.6603218019008636,10,8,7,0,M S,Roma,0,0.5370636135339737,10.297196271829307,9.287180525250733
466,6963,Justin Kluivert,2,15,0,0.013501400128006935,0,0,1,0,0,0,S,Roma,0,0.013501400128006935,0,0
467,6966,Daniel Fuzato,5,450,0,0,0,0,0,0,0,0,GK,Roma,0,0,0.34824099764227867,0.34824099764227867
468,6971,Mitchell Dijks,20,1506,0,0.06295779906213284,0,0.23285140097141266,2,6,5,1,D S,Bologna,0,0.06295779906213284,4.442234739661217,4.146426843479276
469,6972,Federico Santander,4,29,0,0.21346820145845413,1,0.37991300225257874,4,1,0,0,S,Bologna,0,0.21346820145845413,0.500760905444622,0
470,6977,Pietro Terracciano,4,270,0,0,0,0,0,0,0,0,GK S,Fiorentina,0,0,0.08807280287146568,0.08807280287146568
471,6981,Ismael Bennacer,21,1345,0,0.934214174747467,2,0.5300111938267946,12,5,4,0,M S,AC Milan,0,0.934214174747467,5.954824740998447,4.525978442281485
472,6982,Ivan Provedel,29,2610,0,0,0,0,0,0,1,0,GK,Spezia,0,0,1.4688880778849125,1.4688880778849125
473,6989,Simone Iacoponi,16,1191,0,0.11246329732239246,0,0,3,0,3,1,D S,Parma Calcio 1913,0,0.11246329732239246,1.7703474834561348,1.7703474834561348
474,6993,Mattia Sprocati,1,20,0,0,0,0,0,0,0,0,S,Parma Calcio 1913,0,0,0,0
475,7000,Hidde ter Avest,6,348,0,0,0,0,0,0,0,0,D S,Udinese,0,0,1.6470999596640468,1.6470999596640468
476,7002,Giangiacomo Magnani,25,1491,0,0.6717619113624096,0,0.028655799105763435,13,1,8,0,D S,Verona,0,0.6717619113624096,3.007823120802641,2.9397138990461826
477,7085,Tòfol Montiel,2,2,0,0,0,0,0,0,0,0,S,Fiorentina,0,0,0,0
478,7092,Koray Günter,27,1780,0,0.21334540657699108,2,0.7406258173286915,6,6,4,0,D S,Verona,0,0.21334540657699108,4.777397189289331,4.640501705929637
479,7095,Juan Musso,35,3150,0,0,0,0,0,0,5,0,GK,Udinese,0,0,2.012993946671486,2.012993946671486
480,7097,Ronaldo Vieira,4,221,0,0.04595579952001572,0,0.0309836994856596,2,2,1,0,M S,Verona,0,0.04595579952001572,0.531884603202343,0.5009010061621666
481,7203,Drissa Camara,1,14,0,0,0,0,0,0,0,0,S,Parma Calcio 1913,0,0,0.6190459728240967,0.6190459728240967
482,7225,Petar Micin,1,13,0,0,0,0,0,0,0,0,S,Udinese,0,0,0,0
483,7227,Matteo Scozzarella,3,156,0,0,0,0.27472040615975857,0,6,1,0,M,Parma Calcio 1913,0,0,0.5415633153170347,0.5163095127791166
484,7263,Musa Juwara,5,39,0,0.018803900107741356,0,0,1,0,1,0,S,Bologna,0,0.018803900107741356,0.018803900107741356,0
485,7379,Nicolo Fagioli,1,16,0,0,0,0,0,0,0,0,S,Juventus,0,0,0.03955259919166565,0.03955259919166565
486,7405,Kiril Despodov,1,10,0,0,0,0,0,0,0,0,S,Cagliari,0,0,0,0
487,7411,Nicolo Rovella,20,1186,0,0.7647367957979441,2,1.7760489657521248,11,16,4,0,M S,Genoa,0,0.7647367957979441,3.8358324728906155,2.8880311902612448
488,7413,Ibañez,30,2405,0,1.1106233857572079,1,1.7421262580901384,16,13,5,1,D S,Roma,0,1.1106233857572079,12.241897764615715,11.537583897821605
489,7416,Merih Demiral,15,931,0,0.7949282228946686,1,0.7834016010165215,6,4,1,0,D S,Juventus,0,0.7949282228946686,4.235526382923126,4.235526382923126
490,7417,Christian Oliva,10,383,0,0,1,0.1145957000553608,0,2,2,0,M S,Cagliari,0,0,0.28529179841279984,0.2294657975435257
491,7611,Nicolò Armini,1,3,0,0,0,0,0,0,0,0,S,Lazio,0,0,0,0
492,7625,Manolo Portanova,5,132,0,0.5161371775902808,0,0,6,0,1,0,M S,"Genoa,Juventus",0,0.5161371775902808,0.7442463152110577,0.3092910870909691
493,7901,Giacomo Ricci,3,60,0,0,0,0,0,0,0,0,S,Parma Calcio 1913,0,0,0.060913898050785065,0.060913898050785065
494,7919,Léo Duarte,1,17,0,0,0,0,0,0,0,0,S,AC Milan,0,0,0,0
495,7923,Pawel Dawidowicz,30,1866,0,1.1445166654884815,0,1.1501295790076256,15,6,9,0,D M S,Verona,0,1.1445166654884815,6.089082855731249,5.5612088814377785
496,7927,Sofyan Amrabat,31,2458,0,0.4102070014923811,0,0.5757897030562162,10,13,7,0,M S,Fiorentina,0,0.4102070014923811,7.496986582875252,6.7767388839274645
497,7929,Alan Empereur,4,222,0,0.0705035999417305,0,0,1,0,1,0,D,Verona,0,0.0705035999417305,0.7109025791287422,0.6403989791870117
498,7930,Alessandro Berardi,1,25,0,0,0,0,0,0,0,0,S,Verona,0,0,0.04806939885020256,0.04806939885020256
499,7932,Stefano Denswil,5,107,0,0,0,0,0,0,0,0,D S,Bologna,0,0,0.3803219897672534,0.3803219897672534
500,7940,Denis Vavro,1,31,0,0,0,0,0,0,0,0,S,Lazio,0,0,0.05014970153570175,0.05014970153570175
501,7943,Igor Julio,21,1155,0,0.5328999757766724,0,0.11961610242724419,1,3,5,0,D S,Fiorentina,0,0.5328999757766724,1.7743152789771557,1.7312702648341656
502,7945,Karlo Letica,1,90,0,0,0,0,0,0,0,0,GK,Sampdoria,0,0,0.30997899174690247,0.30997899174690247
503,7950,Mert Müldür,28,1680,0,0.6932144891470671,0,0.6348474081605673,15,9,2,0,D S,Sassuolo,0,0.6932144891470671,4.311802558600903,3.564317090436816
504,7951,Alessandro Tripaldelli,10,295,0,0,0,0.2454109936952591,0,1,1,0,D S,Cagliari,0,0,0.6953709796071053,0.4499601870775223
505,7958,Sandro Tonali,25,1342,0,0.434503803960979,0,1.2424729689955711,10,16,1,1,M S,AC Milan,0,0.434503803960979,5.086322391405702,4.761538976803422
506,7971,Jacopo Petriccione,20,955,0,0.08452330250293016,0,0.3971592830494046,3,8,5,1,M S,Crotone,0,0.08452330250293016,2.9239434776827693,2.677449196577072
507,8007,Yildirim Mert Cetin,6,417,0,0.10015519894659519,0,0,2,0,1,0,D S,Verona,0,0.10015519894659519,0.7221845965832472,0.6445135902613401
508,8012,Yordan Osorio,23,1814,0,0.40635449811816216,0,0.11093970015645027,7,3,2,0,D S,Parma Calcio 1913,0,0.40635449811816216,4.368778061121702,4.3031924571841955
509,8030,Sebastian Walukiewicz,19,1619,0,0.2326636929064989,1,0.7121649980545044,3,1,1,0,D S,Cagliari,0,0.2326636929064989,2.010296666994691,2.010296666994691
510,8035,Samuel Di Carmine,22,985,0,2.5265612676739693,0,0.09471250046044588,15,4,2,0,F S,"Crotone,Verona",0,2.5265612676739693,4.419178595766425,2.4355903305113316
511,8044,Joshua Zirkzee,4,104,0,0.04864859953522682,0,0.22915899753570557,1,1,0,0,S,Parma Calcio 1913,0,0.04864859953522682,0.7037915922701359,0.4259834960103035
512,8124,Andri Fannar Baldursson,8,209,0,0.12871750444173813,0,0.058266498148441315,2,1,2,0,M S,Bologna,0,0.12871750444173813,0.8797483742237091,0.8214818760752678
513,8127,Amad Diallo Traore,1,12,0,0.02770409919321537,0,0.04999769851565361,1,1,1,0,S,Atalanta,0,0.02770409919321537,0.09619220346212387,0.018490299582481384
514,8129,Riccardo Calafiori,3,66,0,0,0,0,0,0,2,0,D S,Roma,0,0,0.04144769906997681,0.04144769906997681
515,8130,Ebrima Darboe,5,330,0,0.06931949872523546,0,0.0309688001871109,3,2,2,0,M S,Roma,0,0.06931949872523546,0.8956250157207251,0.840572027489543
516,8132,Andrea Adorante,1,8,0,0,0,0,0,0,0,0,S,Parma Calcio 1913,0,0,0,0
517,8154,Edoardo Vergani,1,11,0,0,0,0,0,0,0,0,S,Bologna,0,0,0,0
518,8163,Daniel Maldini,5,17,0,0.17796100676059723,0,0,1,0,0,0,S,AC Milan,0,0.17796100676059723,0.17796100676059723,0
519,8165,Lucien Agoume,12,799,0,0.10568970069289207,0,0.10135850310325623,2,2,2,0,M S,Spezia,0,0.10568970069289207,1.4813132025301456,1.3267141915857792
520,8221,Brian Oddei,5,33,0,0.14877599477767944,2,0.9651589691638947,2,2,0,0,S,Sassuolo,0,0.14877599477767944,1.137439664453268,0.023504700511693954
521,8232,Andrea Carboni,15,1089,0,0.24086290039122105,1,1.299510270357132,5,4,2,0,D S,Cagliari,0,0.24086290039122105,2.5702295061200857,1.8231221865862608
522,8259,Djavan Anderson,3,68,0,0,0,0,0,0,0,0,D S,Lazio,0,0,0,0
523,8309,Kristoffer Askildsen,6,83,0,0.011477099731564522,0,0,1,0,2,0,S,Sampdoria,0,0.011477099731564522,0.16543509252369404,0.15395799279212952
524,8475,Bosko Sutalo,7,228,0,0,0,0.16087980195879936,0,2,0,0,D S,Atalanta,0,0,1.8001200333237648,1.666147030889988
525,8478,Lorenzo Colombo,4,89,0,0.41786298900842667,0,0,4,0,0,0,F S,AC Milan,0,0.41786298900842667,0.41786298900842667,0
526,8487,Martin Palumbo,3,61,0,0,0,0,0,0,0,0,M S,Udinese,0,0,0.07174749672412872,0.07174749672412872
527,8522,Matteo Lovato,24,1377,0,0.02185470052063465,0,0.17679589800536633,1,4,5,0,D M S,Verona,0,0.02185470052063465,3.0234288685023785,2.846633117645979
528,8568,Márk Kosznovszky,1,90,0,0.2919920086860657,0,0,1,0,0,0,M,Parma Calcio 1913,0,0.2919920086860657,0.35214701294898987,0.06015489995479584
529,8569,Botond Balogh,3,163,0,0,0,0,0,0,1,0,D S,Parma Calcio 1913,0,0,0,0
530,8584,Raul Moro,1,9,0,0,0,0,0,0,0,0,S,Lazio,0,0,0,0
531,8820,Jacopo Segre,9,176,0,0.2470023985952139,0,0.05713440105319023,4,1,1,0,M S,Torino,0,0.2470023985952139,1.0644759852439165,0.7603386919945478
532,8827,Kevin Rüegg,7,186,0,0.023921199142932892,0,0,1,0,0,0,D S,Verona,0,0.023921199142932892,0.12331829965114594,0.09939710050821304
533,8830,Ivor Pandur,4,335,0,0,0,0,0,0,0,0,GK,Verona,0,0,0.09560609608888626,0.09560609608888626
534,8831,Iyenoma Destiny Udogie,6,160,0,0.4777649939060211,0,0.025652099400758743,1,1,1,0,S,Verona,0,0.4777649939060211,0.7093239985406399,0.7093239985406399
535,8840,Denis Dragus,9,159,0,0.10983639769256115,0,0,4,0,1,0,F S,Crotone,0,0.10983639769256115,0.6928138975054026,0.6157904230058193
536,8841,Tomislav Gomelt,2,14,0,0,0,0,0,0,0,0,S,Crotone,0,0,0.04495380073785782,0.04495380073785782
537,8842,Augustus Kargbo,1,30,0,0,0,0,0,0,0,0,S,Crotone,0,0,0.018142299726605415,0.018142299726605415
538,8844,Gian Marco Crespi,1,90,0,0,0,0,0,0,0,0,GK,Crotone,0,0,0,0
539,8857,Gabriele Zappa,34,2401,0,0.42135509476065636,4,3.9483532905578613,11,28,3,0,D M S,Cagliari,0,0.42135509476065636,10.157191323116422,7.203059216961265
540,8858,Guglielmo Vicario,4,360,0,0,0,0,0,0,0,0,GK,Cagliari,0,0,1.5896199941635132,1.5896199941635132
541,8872,Matteo Ruggeri,6,210,0,0.06723189912736416,0,0.014003000222146511,2,1,0,0,D S,Atalanta,0,0.06723189912736416,1.0897170109674335,1.0500838113948703
542,8880,Matteo Tramoni,6,65,0,0.02627040073275566,0,0,1,0,1,0,S,Cagliari,0,0.02627040073275566,0.02627040073275566,0
543,8881,Lorenzo Montipò,37,3330,0,0,0,0,0,0,3,0,GK,Benevento,0,0,1.7345771035179496,1.7345771035179496
544,8882,Daam Foulon,23,1014,0,0.009946020320057869,1,0.10688059963285923,1,4,4,0,D S,Benevento,0,0.009946020320057869,1.2767135770991445,1.186897792853415
545,8885,Nicolò Manfredini,1,90,0,0,0,0,0,0,0,0,GK,Benevento,0,0,0.07069540023803711,0.07069540023803711
546,8887,Christian Pastina,3,118,0,0,1,0.37067800760269165,0,1,1,0,S,Benevento,0,0,0.3907198067754507,0.020041799172759056
547,8888,Giuseppe Di Serio,16,253,0,0.5616411902010441,0,0.010304899886250496,4,1,1,0,F S,Benevento,0,0.5616411902010441,0.7440971927717328,0.17215109895914793
548,8908,Jeroen Zoet,7,605,0,0,0,0,0,0,1,0,GK,Spezia,0,0,0.6374385301023722,0.6374385301023722
549,8909,Juan Ramos,6,288,0,0.01579499989748001,0,0.21731459349393845,1,4,1,0,D S,Spezia,0,0.01579499989748001,1.0098505020141602,0.9172285199165344
550,8910,Paolo Bartolomei,6,321,0,0.1310662031173706,1,0.26805009692907333,4,5,1,0,M S,Spezia,0,0.1310662031173706,0.5010830126702785,0.2659289985895157
551,8911,Matteo Ricci,29,2244,0,0.8800480235368013,2,1.929901596158743,21,22,5,0,M S,Spezia,0,0.8800480235368013,6.969308665022254,5.750298013910651
552,8914,Salvador Ferrer,18,1183,0,0.09670150093734264,1,1.0900608245283365,3,14,4,0,D S,Spezia,0,0.09670150093734264,3.7974207401275635,3.043474465608597
553,8915,Luca Vignali,21,1602,0,0.13351300079375505,0,0.7010582154616714,4,10,4,1,D S,Spezia,0,0.13351300079375505,2.4606996355578303,1.8423687424510717
554,8922,Thomas Ouwejan,15,396,0,0.13754889834672213,2,1.4767006197944283,6,10,0,0,D S,Udinese,0,0.13754889834672213,1.7889746129512787,1.446834814734757
555,8942,Aaron Hickey,11,766,0,0.038923799991607666,0,0.04680180177092552,2,2,3,1,D S,Bologna,0,0.038923799991607666,1.8491151966154575,1.780365500599146
556,8953,Antonio Palumbo,1,5,0,0.02740819938480854,0,0,1,0,0,0,S,Sampdoria,0,0.02740819938480854,0.02740819938480854,0
557,8967,Lautaro Valenti,11,495,0,0.10073959920555353,0,0.017657799646258354,4,1,0,0,D S,Parma Calcio 1913,0,0.10073959920555353,1.7206192910671234,1.6574486903846264
558,8975,Gennaro Acampora,14,420,0,0.2586810998618603,0,0.008392469957470894,9,1,2,0,F M S,Spezia,0,0.2586810998618603,1.2876731175929308,1.1130159236490726
559,9009,Luis Rojas,7,86,0,0.03247949853539467,0,0.013136100023984909,1,1,1,0,S,Crotone,0,0.03247949853539467,0.04561559855937958,0
560,9036,Nicola Zalewski,1,8,0,0,1,0.07754980027675629,0,1,0,0,S,Roma,0,0,0.07754980027675629,0
561,9043,Steeve-Mike Eboa Ebongue,3,49,0,0,1,0.3888748721219599,0,2,0,0,S,Genoa,0,0,0.3888748721219599,0
562,9044,Alberto Paleari,3,203,0,0,0,0,0,0,0,0,GK S,Genoa,0,0,0.19047829508781433,0.19047829508781433
563,9046,Giuseppe Caso,2,51,0,0,0,0,0,0,0,0,S,Genoa,0,0,0,0
564,9059,Simone Rabbi,4,30,0,0,1,0.02218095026910305,0,2,0,0,S,Bologna,0,0,0.02218095026910305,0
565,9065,Nahuel Estévez,27,1781,0,2.0454933205619454,3,2.4279490718618035,26,28,7,0,M S,Spezia,0,2.0454933205619454,6.8107709707692266,3.98781294003129
566,9103,Léo Sena,16,869,0,0.035663701593875885,0,0.14682400226593018,2,2,0,0,M S,Spezia,0,0.035663701593875885,4.8894116804003716,4.720732770860195
567,9105,Radu Dragusin,1,1,0,0,0,0,0,0,0,0,S,Juventus,0,0,0,0
568,9123,Omar Khailoti,1,27,0,0,0,0,0,0,0,0,S,Bologna,0,0,0.20201200246810913,0.20201200246810913
569,9124,Mattia Pagliuca,1,10,0,0,0,0.012972500175237656,0,1,0,0,S,Bologna,0,0,0.012972500175237656,0
570,9134,Alessandro Di Pardo,4,7,0,0,0,0.021143199875950813,0,1,0,0,S,Juventus,0,0,0.021143199875950813,0
571,9140,Maxime Busi,24,1176,0,0.3338103052228689,1,0.9543758854269981,7,7,3,0,D S,Parma Calcio 1913,0,0.3338103052228689,3.271355589851737,2.4470139034092426
572,9177,Giuseppe Mastinu,3,31,0,0,0,0,0,0,0,0,S,Spezia,0,0,0.02339719980955124,0.02339719980955124
573,9189,Emmanuel Gyabuaa,1,1,0,0,0,0,0,0,0,0,S,Atalanta,0,0,0,0
574,9200,Philip Yeboah Ankrah,1,9,0,0,0,0,0,0,0,0,S,Verona,0,0,0,0
575,9225,Antonio Cioffi,1,9,0,0,0,0.09847629815340042,0,1,0,0,S,Napoli,0,0,0.1532920002937317,0.1532920002937317
576,9233,Joakim Maehle,20,1208,0,1.3440522979944944,2,1.5805515814572573,21,14,0,0,D M S,Atalanta,0,1.3440522979944944,6.884743075817823,4.478144384920597
577,9234,Daan Dierckx,7,476,0,0,0,0,0,0,1,0,D S,Parma Calcio 1913,0,0,0.7092978954315186,0.7092978954315186
578,9259,Isaac Karamoko,1,1,0,0,0,0,0,0,0,0,S,Sassuolo,0,0,0,0
579,9260,Chaka Traorè,3,12,0,0.08240939676761627,0,0,1,0,0,0,S,Parma Calcio 1913,0,0.08240939676761627,0.08240939676761627,0
580,9262,Jérôme Onguéné,4,177,0,0,0,0,0,0,0,0,D S,Genoa,0,0,0.15946300327777863,0.15946300327777863
581,9304,Vasilios Zagaritis,2,62,0,0,0,0.05330260097980499,0,1,0,0,S,Parma Calcio 1913,0,0,0.17608460038900375,0.17608460038900375
582,9325,Davide Ghislandi,1,3,0,0,0,0,0,0,0,0,S,Atalanta,0,0,0,0
583,9337,Valentin Antov,5,229,0,0.013850999996066093,0,0.015782000496983528,1,1,1,0,D S,Bologna,0,0.013850999996066093,0.4312012940645218,0.41735030710697174
584,9344,Viktor Kovalenko,1,2,0,0,0,0,0,0,0,0,S,Atalanta,0,0,0,0
585,9360,Amadou Diambo,1,2,0,0,0,0,0,0,0,0,S,Benevento,0,0,0,0
586,9419,Bryan Reynolds,5,283,0,0,0,0.02681880071759224,0,1,0,0,D S,Roma,0,0,0.9330739974975586,0.9062550067901611
587,9444,Felix Correia,1,6,0,0,0,0,0,0,0,0,S,Juventus,0,0,0,0
588,9495,Wisdom Amey,1,1,0,0,0,0,0,0,0,0,S,Bologna,0,0,0.008916660211980343,0.008916660211980343
589,9503,Kacper Urbanski,1,1,0,0,0,0,0,0,0,0,S,Bologna,0,0,0,0
590,9518,Edoardo Bove,1,8,0,0,0,0,0,0,0,0,S,Roma,0,0,0.07754980027675629,0.07754980027675629
591,9539,Antonio Raimondo,1,1,0,0,0,0,0,0,0,0,S,Bologna,0,0,0,0
592,9550,Yayah Kallon,1,42,0,0.12206199765205383,0,0.021998200565576553,2,1,0,0,S,Genoa,0,0.12206199765205383,0.27573999762535095,0.13167999684810638
593,9559,Marco Bertini,1,3,0,0,0,0,0,0,0,0,S,Lazio,0,0,0,0
